sensor_id,timestamp,temperature,humidity,location,sensor_type
1097,2025-04-10T22:26:42.000Z,28.17,30.81,BuildingA_Floor2,TypeB
1013,2025-04-07T12:07:26.000Z,30.96,56.74,BuildingA_Floor1,TypeB
1036,2025-04-10T06:58:16.000Z,31.66,42.73,BuildingA_Floor1,TypeA
1022,2025-04-08T03:21:33.000Z,28.48,64.23,BuildingA_Floor2,TypeA
1050,2025-04-07T23:05:17.000Z,28.79,71.36,BuildingB_Floor1,TypeB
1005,2025-04-07T19:19:14.000Z,27.64,71.42,BuildingB_Floor1,TypeC
1007,2025-04-08T02:07:03.000Z,29.52,65.35,BuildingB_Floor1,TypeB
1078,2025-04-08T10:24:42.000Z,31.39,46.36,BuildingA_Floor2,TypeB
1087,2025-04-08T21:08:04.000Z,24.64,74.61,BuildingB_Floor1,TypeC
1098,2025-04-09T13:36:10.000Z,30.09,51.37,BuildingA_Floor2,TypeB
1099,2025-04-07T11:42:26.000Z,28.96,77.09,BuildingA_Floor2,TypeB
1096,2025-04-09T20:51:15.000Z,25.49,75.33,BuildingB_Floor1,TypeA
1067,2025-04-09T02:24:42.000Z,20.96,52.51,BuildingB_Floor1,TypeC
1072,2025-04-07T10:40:51.000Z,28.97,48.26,BuildingB_Floor1,TypeB
1018,2025-04-11T01:40:48.000Z,30.24,36.85,BuildingB_Floor1,TypeC
1000,2025-04-08T22:31:35.000Z,26.94,74.79,BuildingA_Floor1,TypeA
1007,2025-04-11T17:54:58.000Z,15.94,63.27,BuildingB_Floor2,TypeB
1053,2025-04-08T07:09:28.000Z,19.89,47.84,BuildingB_Floor2,TypeB
1086,2025-04-08T05:46:52.000Z,33.72,41.25,BuildingB_Floor1,TypeB
1038,2025-04-08T03:06:04.000Z,15.9,76.42,BuildingB_Floor1,TypeC
1017,2025-04-07T22:11:22.000Z,24.65,57.39,BuildingB_Floor1,TypeC
1059,2025-04-12T01:29:08.000Z,32.01,48.23,BuildingA_Floor2,TypeB
1064,2025-04-11T07:39:48.000Z,29.95,49.28,BuildingA_Floor1,TypeA
1098,2025-04-07T15:41:41.000Z,33.49,50.14,BuildingB_Floor2,TypeA
1082,2025-04-09T22:27:44.000Z,22.63,66.9,BuildingA_Floor2,TypeA
1022,2025-04-07T18:50:46.000Z,30.81,40.86,BuildingA_Floor2,TypeA
1063,2025-04-07T14:06:35.000Z,26.03,79.18,BuildingA_Floor2,TypeA
1041,2025-04-10T05:10:13.000Z,29.81,48.53,BuildingB_Floor2,TypeC
1058,2025-04-07T06:00:36.000Z,17.04,38.0,BuildingA_Floor2,TypeB
1048,2025-04-08T10:49:45.000Z,29.6,40.93,BuildingA_Floor2,TypeC
1012,2025-04-08T10:01:26.000Z,21.5,72.71,BuildingA_Floor1,TypeC
1057,2025-04-09T23:11:12.000Z,18.64,42.75,BuildingA_Floor1,TypeC
1034,2025-04-09T04:56:23.000Z,25.63,58.29,BuildingB_Floor2,TypeB
1069,2025-04-08T20:07:04.000Z,15.65,51.52,BuildingB_Floor1,TypeB
1004,2025-04-08T08:59:38.000Z,18.59,62.33,BuildingA_Floor2,TypeB
1080,2025-04-10T08:55:10.000Z,16.36,56.26,BuildingB_Floor2,TypeB
1057,2025-04-07T06:41:49.000Z,20.75,55.31,BuildingA_Floor1,TypeC
1057,2025-04-07T08:37:18.000Z,16.88,41.82,BuildingB_Floor2,TypeB
1020,2025-04-09T04:00:56.000Z,32.08,60.62,BuildingB_Floor2,TypeB
1060,2025-04-11T05:18:28.000Z,34.44,71.09,BuildingB_Floor2,TypeB
1091,2025-04-10T13:46:06.000Z,15.36,64.46,BuildingA_Floor2,TypeA
1003,2025-04-10T18:32:24.000Z,16.23,51.85,BuildingA_Floor1,TypeC
1076,2025-04-12T00:56:10.000Z,29.98,48.99,BuildingA_Floor1,TypeA
1098,2025-04-11T08:08:19.000Z,25.81,53.61,BuildingB_Floor1,TypeA
1095,2025-04-10T12:15:33.000Z,28.56,73.61,BuildingA_Floor2,TypeB
1048,2025-04-10T01:34:26.000Z,21.9,75.73,BuildingA_Floor2,TypeB
1022,2025-04-08T07:56:11.000Z,18.02,72.92,BuildingA_Floor2,TypeB
1047,2025-04-11T15:43:33.000Z,27.95,47.34,BuildingA_Floor1,TypeA
1054,2025-04-11T18:08:46.000Z,32.41,57.79,BuildingB_Floor2,TypeA
1083,2025-04-08T02:21:42.000Z,17.15,70.31,BuildingA_Floor1,TypeA
1088,2025-04-11T01:31:42.000Z,18.06,52.74,BuildingB_Floor2,TypeB
1041,2025-04-07T08:00:36.000Z,16.23,46.33,BuildingA_Floor2,TypeA
1056,2025-04-09T16:06:12.000Z,17.16,68.57,BuildingA_Floor2,TypeB
1000,2025-04-09T09:10:46.000Z,22.56,69.69,BuildingA_Floor2,TypeB
1027,2025-04-10T14:21:58.000Z,26.57,57.56,BuildingA_Floor2,TypeC
1012,2025-04-10T19:13:35.000Z,20.87,65.09,BuildingA_Floor1,TypeC
1099,2025-04-10T14:41:58.000Z,28.31,73.47,BuildingB_Floor1,TypeB
1016,2025-04-11T02:35:27.000Z,27.19,40.68,BuildingB_Floor2,TypeA
1092,2025-04-11T18:28:10.000Z,33.02,63.82,BuildingA_Floor1,TypeC
1058,2025-04-09T05:32:49.000Z,29.23,52.39,BuildingA_Floor1,TypeA
1060,2025-04-08T22:33:14.000Z,32.03,70.43,BuildingA_Floor1,TypeC
1007,2025-04-11T23:04:39.000Z,16.11,32.95,BuildingA_Floor2,TypeC
1087,2025-04-09T10:17:23.000Z,32.8,78.89,BuildingA_Floor2,TypeB
1032,2025-04-11T15:39:34.000Z,23.76,38.58,BuildingB_Floor2,TypeB
1060,2025-04-08T20:41:48.000Z,34.0,77.0,BuildingA_Floor2,TypeC
1077,2025-04-08T12:16:57.000Z,31.25,34.08,BuildingB_Floor2,TypeA
1041,2025-04-10T20:23:48.000Z,28.53,37.25,BuildingB_Floor1,TypeA
1024,2025-04-10T02:04:56.000Z,15.66,77.92,BuildingB_Floor2,TypeA
1078,2025-04-08T19:00:59.000Z,24.47,47.26,BuildingA_Floor2,TypeA
1070,2025-04-10T02:53:38.000Z,24.43,79.16,BuildingB_Floor2,TypeC
1083,2025-04-07T05:46:42.000Z,20.54,64.08,BuildingA_Floor2,TypeC
1056,2025-04-09T04:53:27.000Z,30.03,37.12,BuildingA_Floor2,TypeB
1076,2025-04-07T09:06:16.000Z,26.41,55.6,BuildingB_Floor1,TypeC
1035,2025-04-10T10:37:22.000Z,29.36,46.37,BuildingA_Floor1,TypeB
1045,2025-04-08T16:16:52.000Z,28.84,42.17,BuildingA_Floor2,TypeC
1039,2025-04-09T09:49:53.000Z,30.76,73.08,BuildingA_Floor1,TypeB
1048,2025-04-11T07:57:31.000Z,18.73,63.26,BuildingA_Floor2,TypeA
1067,2025-04-08T07:26:44.000Z,17.44,47.9,BuildingA_Floor1,TypeB
1054,2025-04-08T16:21:19.000Z,19.53,50.1,BuildingA_Floor2,TypeB
1064,2025-04-10T09:55:55.000Z,18.4,49.62,BuildingA_Floor2,TypeB
1058,2025-04-07T04:47:29.000Z,23.42,74.51,BuildingA_Floor2,TypeB
1091,2025-04-11T18:05:01.000Z,20.44,71.01,BuildingA_Floor1,TypeC
1029,2025-04-11T01:12:19.000Z,21.84,71.15,BuildingA_Floor1,TypeA
1021,2025-04-11T12:28:35.000Z,24.86,52.59,BuildingA_Floor2,TypeB
1089,2025-04-09T01:18:35.000Z,30.16,49.55,BuildingA_Floor2,TypeB
1082,2025-04-11T04:39:00.000Z,25.49,36.0,BuildingA_Floor2,TypeA
1015,2025-04-07T11:56:51.000Z,19.01,43.35,BuildingA_Floor2,TypeC
1100,2025-04-09T10:00:37.000Z,32.93,30.67,BuildingB_Floor1,TypeC
1090,2025-04-09T09:40:21.000Z,25.65,44.9,BuildingB_Floor1,TypeB
1045,2025-04-11T16:32:08.000Z,31.03,73.49,BuildingB_Floor1,TypeC
1075,2025-04-10T16:53:57.000Z,34.55,39.96,BuildingA_Floor1,TypeC
1100,2025-04-10T10:24:24.000Z,16.58,79.93,BuildingB_Floor2,TypeC
1069,2025-04-07T06:51:11.000Z,27.2,50.48,BuildingB_Floor2,TypeC
1085,2025-04-11T16:53:57.000Z,22.82,30.27,BuildingA_Floor2,TypeA
1059,2025-04-09T12:02:43.000Z,23.61,47.7,BuildingA_Floor2,TypeA
1059,2025-04-07T15:44:16.000Z,31.49,59.14,BuildingB_Floor2,TypeA
1043,2025-04-11T14:26:03.000Z,25.91,52.51,BuildingB_Floor1,TypeA
1082,2025-04-08T10:43:58.000Z,22.57,52.48,BuildingA_Floor2,TypeB
1056,2025-04-07T23:52:30.000Z,34.02,32.63,BuildingB_Floor1,TypeB
1013,2025-04-12T00:36:32.000Z,24.3,72.65,BuildingA_Floor1,TypeA
1036,2025-04-12T02:16:47.000Z,27.92,53.33,BuildingB_Floor2,TypeA
1025,2025-04-10T04:24:55.000Z,25.57,58.79,BuildingA_Floor2,TypeA
1097,2025-04-10T12:01:18.000Z,20.88,56.6,BuildingA_Floor1,TypeA
1024,2025-04-10T00:00:38.000Z,25.83,48.24,BuildingB_Floor2,TypeC
1021,2025-04-07T05:51:21.000Z,33.11,58.71,BuildingB_Floor1,TypeA
1051,2025-04-07T09:28:36.000Z,24.79,41.98,BuildingA_Floor1,TypeC
1009,2025-04-07T07:23:06.000Z,29.72,69.25,BuildingA_Floor2,TypeB
1029,2025-04-10T03:24:45.000Z,31.22,49.79,BuildingB_Floor1,TypeB
1034,2025-04-10T07:28:06.000Z,16.11,42.27,BuildingA_Floor2,TypeB
1034,2025-04-09T06:18:27.000Z,16.22,31.53,BuildingA_Floor2,TypeB
1005,2025-04-10T04:35:46.000Z,29.17,32.49,BuildingB_Floor2,TypeB
1056,2025-04-09T07:43:54.000Z,29.17,50.13,BuildingB_Floor2,TypeA
1006,2025-04-07T20:23:03.000Z,19.17,53.18,BuildingB_Floor1,TypeA
1050,2025-04-11T23:55:56.000Z,33.48,60.07,BuildingA_Floor1,TypeA
1026,2025-04-08T03:45:49.000Z,25.44,59.59,BuildingB_Floor2,TypeA
1012,2025-04-11T06:22:10.000Z,27.17,54.32,BuildingB_Floor1,TypeC
1057,2025-04-10T08:00:07.000Z,31.74,76.35,BuildingB_Floor2,TypeC
1004,2025-04-10T20:55:26.000Z,26.55,35.1,BuildingB_Floor1,TypeC
1004,2025-04-11T04:41:58.000Z,22.44,50.99,BuildingB_Floor1,TypeB
1024,2025-04-09T23:01:24.000Z,26.02,41.32,BuildingB_Floor1,TypeC
1052,2025-04-09T02:40:26.000Z,28.82,56.44,BuildingB_Floor2,TypeA
1033,2025-04-11T04:30:43.000Z,16.52,77.61,BuildingB_Floor1,TypeC
1057,2025-04-10T01:04:25.000Z,24.81,36.9,BuildingA_Floor2,TypeB
1047,2025-04-10T03:41:51.000Z,27.35,67.36,BuildingA_Floor1,TypeC
1069,2025-04-10T16:46:47.000Z,32.95,58.62,BuildingB_Floor2,TypeC
1074,2025-04-07T22:51:24.000Z,30.81,43.86,BuildingA_Floor1,TypeB
1004,2025-04-10T14:23:37.000Z,17.11,49.73,BuildingA_Floor1,TypeB
1053,2025-04-11T12:08:25.000Z,15.12,74.57,BuildingB_Floor2,TypeA
1085,2025-04-11T21:17:51.000Z,30.53,65.88,BuildingA_Floor2,TypeC
1002,2025-04-10T12:56:16.000Z,32.2,66.08,BuildingA_Floor1,TypeB
1035,2025-04-07T12:15:13.000Z,20.89,73.31,BuildingB_Floor2,TypeA
1038,2025-04-09T01:49:53.000Z,29.01,36.33,BuildingA_Floor2,TypeC
1083,2025-04-11T00:44:21.000Z,21.64,53.64,BuildingB_Floor1,TypeA
1038,2025-04-07T04:35:53.000Z,29.65,70.93,BuildingA_Floor1,TypeA
1065,2025-04-08T00:20:51.000Z,30.46,74.13,BuildingA_Floor2,TypeA
1008,2025-04-08T08:20:05.000Z,17.21,65.8,BuildingA_Floor2,TypeB
1028,2025-04-10T13:31:56.000Z,27.22,31.37,BuildingB_Floor1,TypeB
1038,2025-04-12T00:57:26.000Z,21.96,34.55,BuildingA_Floor1,TypeA
1003,2025-04-11T16:53:03.000Z,16.85,40.51,BuildingB_Floor2,TypeA
1067,2025-04-09T15:29:54.000Z,17.63,30.56,BuildingB_Floor1,TypeB
1089,2025-04-11T00:23:48.000Z,19.2,75.19,BuildingA_Floor1,TypeB
1096,2025-04-10T23:37:59.000Z,32.41,59.88,BuildingA_Floor1,TypeB
1023,2025-04-07T17:48:40.000Z,20.65,60.93,BuildingB_Floor1,TypeC
1043,2025-04-08T03:17:27.000Z,19.48,47.28,BuildingA_Floor2,TypeB
1038,2025-04-09T21:45:48.000Z,28.02,47.37,BuildingA_Floor2,TypeA
1043,2025-04-09T06:06:59.000Z,27.26,57.27,BuildingA_Floor2,TypeA
1027,2025-04-07T08:10:05.000Z,15.55,79.95,BuildingA_Floor1,TypeA
1006,2025-04-07T20:49:46.000Z,26.99,74.78,BuildingB_Floor1,TypeA
1018,2025-04-09T19:05:24.000Z,31.14,54.82,BuildingA_Floor2,TypeB
1046,2025-04-10T05:07:13.000Z,17.75,43.54,BuildingA_Floor2,TypeB
1074,2025-04-07T10:13:18.000Z,31.13,46.5,BuildingA_Floor1,TypeC
1066,2025-04-07T08:47:40.000Z,19.44,41.42,BuildingB_Floor2,TypeC
1006,2025-04-09T01:25:10.000Z,29.37,63.93,BuildingB_Floor2,TypeA
1034,2025-04-10T09:05:30.000Z,29.05,54.95,BuildingA_Floor2,TypeB
1068,2025-04-10T11:16:05.000Z,24.92,46.58,BuildingB_Floor1,TypeB
1006,2025-04-09T23:57:05.000Z,23.54,51.36,BuildingB_Floor1,TypeA
1076,2025-04-09T01:05:29.000Z,28.97,65.33,BuildingA_Floor1,TypeB
1038,2025-04-08T23:42:33.000Z,22.47,44.0,BuildingB_Floor2,TypeA
1089,2025-04-11T22:08:48.000Z,27.9,55.43,BuildingA_Floor2,TypeB
1077,2025-04-10T10:38:36.000Z,16.56,51.28,BuildingB_Floor1,TypeB
1004,2025-04-10T20:45:33.000Z,27.22,68.16,BuildingA_Floor2,TypeA
1018,2025-04-08T07:58:50.000Z,25.09,40.63,BuildingA_Floor1,TypeB
1028,2025-04-10T06:14:44.000Z,25.9,75.52,BuildingA_Floor2,TypeA
1021,2025-04-10T18:41:05.000Z,31.93,70.56,BuildingA_Floor2,TypeB
1037,2025-04-10T00:05:15.000Z,18.56,49.47,BuildingA_Floor1,TypeB
1095,2025-04-10T20:56:58.000Z,33.73,58.23,BuildingB_Floor2,TypeB
1044,2025-04-10T00:01:35.000Z,16.36,33.34,BuildingB_Floor1,TypeA
1059,2025-04-09T04:38:36.000Z,27.57,51.37,BuildingA_Floor2,TypeB
1061,2025-04-10T08:30:34.000Z,21.09,56.21,BuildingB_Floor2,TypeC
1054,2025-04-10T11:14:03.000Z,15.01,77.93,BuildingA_Floor1,TypeB
1033,2025-04-10T03:35:39.000Z,30.8,68.36,BuildingA_Floor2,TypeC
1014,2025-04-09T04:06:45.000Z,23.46,51.0,BuildingA_Floor1,TypeB
1013,2025-04-08T15:11:30.000Z,17.57,62.69,BuildingA_Floor2,TypeC
1100,2025-04-08T05:07:57.000Z,25.54,58.35,BuildingA_Floor2,TypeC
1088,2025-04-07T16:08:38.000Z,23.5,56.35,BuildingB_Floor1,TypeC
1078,2025-04-07T17:46:14.000Z,22.42,76.02,BuildingB_Floor1,TypeC
1027,2025-04-11T14:46:03.000Z,15.4,62.45,BuildingB_Floor1,TypeB
1011,2025-04-12T00:49:32.000Z,33.24,50.91,BuildingB_Floor2,TypeA
1033,2025-04-10T14:43:17.000Z,18.88,63.37,BuildingA_Floor2,TypeB
1013,2025-04-08T19:17:52.000Z,22.32,31.9,BuildingB_Floor1,TypeC
1023,2025-04-11T19:56:35.000Z,28.42,31.08,BuildingB_Floor1,TypeB
1010,2025-04-11T17:28:13.000Z,18.75,54.85,BuildingB_Floor2,TypeA
1084,2025-04-10T04:54:36.000Z,29.09,56.13,BuildingB_Floor1,TypeB
1048,2025-04-10T21:33:38.000Z,15.26,31.13,BuildingA_Floor1,TypeC
1066,2025-04-10T23:39:40.000Z,29.12,79.76,BuildingA_Floor1,TypeB
1014,2025-04-09T19:19:31.000Z,33.3,64.87,BuildingA_Floor2,TypeA
1035,2025-04-10T00:02:14.000Z,30.02,40.32,BuildingA_Floor2,TypeB
1082,2025-04-07T05:58:05.000Z,19.7,54.81,BuildingA_Floor2,TypeA
1009,2025-04-10T07:59:20.000Z,16.42,30.09,BuildingB_Floor1,TypeC
1011,2025-04-07T19:16:53.000Z,31.22,72.41,BuildingB_Floor2,TypeB
1061,2025-04-10T13:46:41.000Z,28.07,33.1,BuildingB_Floor2,TypeC
1071,2025-04-07T14:43:21.000Z,32.14,68.79,BuildingA_Floor1,TypeB
1040,2025-04-10T11:29:49.000Z,17.71,71.85,BuildingA_Floor2,TypeC
1006,2025-04-11T12:01:42.000Z,15.99,61.22,BuildingB_Floor1,TypeB
1098,2025-04-07T17:39:37.000Z,30.47,72.12,BuildingB_Floor2,TypeA
1097,2025-04-09T14:14:16.000Z,18.39,42.1,BuildingB_Floor1,TypeC
1057,2025-04-08T22:27:03.000Z,33.34,60.78,BuildingA_Floor1,TypeB
1047,2025-04-07T23:33:30.000Z,31.85,61.04,BuildingA_Floor1,TypeB
1014,2025-04-10T05:49:05.000Z,16.09,47.08,BuildingB_Floor2,TypeA
1044,2025-04-09T06:19:43.000Z,26.4,50.49,BuildingA_Floor1,TypeB
1010,2025-04-11T18:19:32.000Z,20.39,65.79,BuildingA_Floor2,TypeB
1062,2025-04-08T08:54:52.000Z,15.57,39.03,BuildingA_Floor2,TypeB
1096,2025-04-09T18:19:50.000Z,31.51,49.31,BuildingA_Floor1,TypeA
1079,2025-04-10T06:22:39.000Z,27.13,47.14,BuildingA_Floor2,TypeC
1009,2025-04-10T10:22:36.000Z,28.02,62.63,BuildingA_Floor2,TypeC
1031,2025-04-10T11:09:15.000Z,31.71,42.7,BuildingB_Floor1,TypeC
1011,2025-04-09T11:12:59.000Z,22.95,70.93,BuildingB_Floor1,TypeB
1091,2025-04-07T18:19:54.000Z,17.31,50.03,BuildingB_Floor2,TypeA
1100,2025-04-07T18:34:11.000Z,20.89,47.01,BuildingB_Floor2,TypeC
1061,2025-04-11T04:27:47.000Z,20.28,58.35,BuildingA_Floor1,TypeA
1052,2025-04-08T23:15:21.000Z,34.42,55.37,BuildingB_Floor2,TypeC
1016,2025-04-08T18:13:35.000Z,24.37,77.66,BuildingB_Floor2,TypeB
1036,2025-04-10T08:35:25.000Z,32.11,77.59,BuildingA_Floor1,TypeA
1062,2025-04-09T00:55:20.000Z,22.45,63.37,BuildingA_Floor1,TypeC
1028,2025-04-09T11:41:41.000Z,32.11,31.95,BuildingB_Floor2,TypeB
1099,2025-04-09T15:26:13.000Z,17.54,40.6,BuildingA_Floor2,TypeA
1050,2025-04-10T00:14:40.000Z,31.46,50.17,BuildingA_Floor2,TypeC
1089,2025-04-09T07:20:18.000Z,25.77,52.47,BuildingA_Floor1,TypeA
1070,2025-04-11T00:55:35.000Z,22.74,51.42,BuildingA_Floor2,TypeB
1060,2025-04-09T08:22:45.000Z,21.26,37.68,BuildingA_Floor1,TypeC
1047,2025-04-11T14:23:01.000Z,31.94,61.73,BuildingA_Floor1,TypeC
1047,2025-04-08T23:33:04.000Z,30.7,48.09,BuildingB_Floor2,TypeA
1064,2025-04-07T23:51:52.000Z,24.45,62.76,BuildingB_Floor1,TypeC
1054,2025-04-11T15:10:54.000Z,31.9,34.74,BuildingA_Floor1,TypeC
1083,2025-04-11T03:58:24.000Z,24.11,60.87,BuildingB_Floor1,TypeC
1049,2025-04-11T22:07:03.000Z,16.88,55.1,BuildingB_Floor2,TypeA
1066,2025-04-11T13:38:48.000Z,23.88,71.75,BuildingB_Floor2,TypeB
1056,2025-04-08T00:27:01.000Z,33.61,34.69,BuildingA_Floor2,TypeC
1048,2025-04-10T08:34:30.000Z,18.62,39.53,BuildingA_Floor1,TypeA
1029,2025-04-11T21:02:38.000Z,32.46,43.71,BuildingB_Floor1,TypeB
1003,2025-04-09T17:12:49.000Z,16.88,30.39,BuildingB_Floor1,TypeC
1074,2025-04-11T14:34:54.000Z,25.58,75.24,BuildingB_Floor1,TypeA
1008,2025-04-08T18:53:32.000Z,29.44,70.68,BuildingB_Floor1,TypeA
1058,2025-04-07T11:36:54.000Z,20.93,73.78,BuildingB_Floor2,TypeB
1094,2025-04-10T14:19:32.000Z,24.28,42.09,BuildingA_Floor2,TypeC
1100,2025-04-09T00:13:38.000Z,30.66,58.82,BuildingA_Floor2,TypeA
1007,2025-04-11T03:05:22.000Z,23.54,39.56,BuildingA_Floor1,TypeA
1045,2025-04-10T11:03:49.000Z,30.55,39.17,BuildingB_Floor1,TypeA
1070,2025-04-11T17:21:59.000Z,17.14,38.57,BuildingB_Floor2,TypeB
1038,2025-04-08T13:47:28.000Z,32.25,72.08,BuildingA_Floor1,TypeB
1091,2025-04-10T02:17:20.000Z,31.59,43.87,BuildingB_Floor1,TypeC
1099,2025-04-07T04:31:31.000Z,33.82,53.57,BuildingB_Floor2,TypeB
1018,2025-04-08T20:24:23.000Z,31.76,33.79,BuildingA_Floor2,TypeA
1098,2025-04-09T19:50:22.000Z,20.21,70.29,BuildingA_Floor1,TypeB
1022,2025-04-10T22:07:13.000Z,23.92,61.04,BuildingB_Floor1,TypeC
1047,2025-04-09T15:28:00.000Z,28.35,43.3,BuildingB_Floor1,TypeB
1028,2025-04-08T15:41:44.000Z,31.96,35.13,BuildingA_Floor2,TypeB
1035,2025-04-11T19:57:13.000Z,17.21,46.2,BuildingB_Floor1,TypeA
1073,2025-04-10T22:14:18.000Z,25.99,36.2,BuildingB_Floor2,TypeC
1078,2025-04-09T19:11:57.000Z,15.76,31.26,BuildingB_Floor1,TypeC
1057,2025-04-08T00:51:29.000Z,25.16,64.98,BuildingB_Floor2,TypeC
1009,2025-04-08T16:53:42.000Z,18.81,71.92,BuildingA_Floor1,TypeB
1063,2025-04-10T10:50:39.000Z,24.24,71.31,BuildingA_Floor2,TypeB
1071,2025-04-09T16:42:13.000Z,16.96,30.01,BuildingB_Floor1,TypeA
1083,2025-04-10T19:42:20.000Z,23.64,75.23,BuildingA_Floor1,TypeC
1091,2025-04-08T13:22:55.000Z,28.98,58.64,BuildingA_Floor2,TypeB
1007,2025-04-07T12:57:21.000Z,28.4,54.83,BuildingB_Floor2,TypeB
1080,2025-04-11T21:15:36.000Z,22.58,79.66,BuildingB_Floor1,TypeC
1014,2025-04-11T18:41:27.000Z,16.54,49.45,BuildingA_Floor1,TypeA
1027,2025-04-09T16:12:24.000Z,15.38,70.91,BuildingB_Floor2,TypeC
1006,2025-04-10T21:23:09.000Z,25.38,70.59,BuildingA_Floor1,TypeB
1051,2025-04-10T13:25:08.000Z,20.84,68.89,BuildingB_Floor2,TypeB
1034,2025-04-09T10:16:57.000Z,16.22,50.02,BuildingA_Floor1,TypeB
1076,2025-04-10T13:33:33.000Z,16.05,34.41,BuildingA_Floor1,TypeB
1065,2025-04-10T05:45:03.000Z,27.41,48.26,BuildingA_Floor2,TypeB
1063,2025-04-08T08:06:05.000Z,34.77,72.89,BuildingA_Floor1,TypeB
1075,2025-04-09T11:06:20.000Z,19.11,50.6,BuildingA_Floor1,TypeC
1022,2025-04-08T07:47:49.000Z,18.5,32.47,BuildingA_Floor1,TypeB
1028,2025-04-07T13:18:35.000Z,15.12,66.61,BuildingA_Floor1,TypeC
1055,2025-04-11T08:52:10.000Z,27.86,76.32,BuildingB_Floor2,TypeB
1046,2025-04-11T05:22:51.000Z,17.56,75.61,BuildingA_Floor2,TypeA
1073,2025-04-09T21:03:22.000Z,24.29,70.52,BuildingA_Floor2,TypeB
1060,2025-04-10T12:02:25.000Z,24.44,65.64,BuildingB_Floor1,TypeC
1060,2025-04-08T11:15:48.000Z,16.35,50.4,BuildingA_Floor2,TypeC
1067,2025-04-11T16:53:08.000Z,19.48,56.29,BuildingA_Floor2,TypeB
1080,2025-04-09T13:41:56.000Z,16.54,44.37,BuildingB_Floor1,TypeC
1057,2025-04-07T18:26:08.000Z,31.55,40.49,BuildingA_Floor2,TypeA
1031,2025-04-11T07:11:25.000Z,31.47,60.98,BuildingB_Floor2,TypeA
1073,2025-04-11T07:14:28.000Z,22.4,66.08,BuildingA_Floor2,TypeB
1094,2025-04-09T11:16:08.000Z,20.11,42.79,BuildingB_Floor1,TypeB
1052,2025-04-09T05:01:44.000Z,21.4,47.44,BuildingA_Floor2,TypeB
1041,2025-04-08T03:54:59.000Z,27.33,48.21,BuildingB_Floor2,TypeB
1096,2025-04-09T22:04:44.000Z,30.11,44.9,BuildingA_Floor1,TypeA
1076,2025-04-10T21:08:46.000Z,19.53,38.53,BuildingA_Floor2,TypeA
1025,2025-04-09T23:04:10.000Z,34.38,33.53,BuildingA_Floor1,TypeB
1016,2025-04-11T11:23:35.000Z,19.87,77.57,BuildingB_Floor1,TypeB
1015,2025-04-11T19:45:00.000Z,30.2,61.84,BuildingB_Floor2,TypeC
1080,2025-04-09T14:22:36.000Z,26.92,37.2,BuildingA_Floor1,TypeA
1046,2025-04-11T00:39:20.000Z,29.31,31.17,BuildingB_Floor1,TypeC
1029,2025-04-10T20:59:09.000Z,21.67,70.32,BuildingB_Floor2,TypeA
1078,2025-04-09T16:40:37.000Z,22.61,70.24,BuildingB_Floor2,TypeC
1099,2025-04-10T23:24:46.000Z,28.79,36.75,BuildingB_Floor2,TypeC
1014,2025-04-09T06:43:33.000Z,24.34,61.11,BuildingB_Floor1,TypeA
1044,2025-04-10T05:03:21.000Z,26.08,66.28,BuildingA_Floor1,TypeA
1010,2025-04-08T06:30:10.000Z,28.89,32.42,BuildingB_Floor1,TypeA
1004,2025-04-07T08:39:42.000Z,23.98,63.91,BuildingA_Floor1,TypeB
1023,2025-04-07T06:40:34.000Z,27.83,50.6,BuildingB_Floor2,TypeC
1083,2025-04-07T22:52:44.000Z,19.56,45.53,BuildingA_Floor2,TypeB
1049,2025-04-09T15:14:21.000Z,33.9,45.56,BuildingB_Floor1,TypeB
1075,2025-04-09T01:22:47.000Z,32.35,76.88,BuildingB_Floor2,TypeC
1027,2025-04-10T07:09:47.000Z,25.89,33.31,BuildingA_Floor2,TypeB
1011,2025-04-07T07:01:31.000Z,15.42,63.05,BuildingA_Floor1,TypeC
1085,2025-04-11T03:46:07.000Z,18.83,61.14,BuildingA_Floor1,TypeB
1034,2025-04-11T07:05:20.000Z,25.2,52.93,BuildingA_Floor1,TypeB
1073,2025-04-09T07:38:32.000Z,33.12,78.89,BuildingA_Floor1,TypeC
1092,2025-04-11T02:23:41.000Z,25.11,79.8,BuildingA_Floor2,TypeC
1034,2025-04-07T14:40:07.000Z,19.95,38.95,BuildingA_Floor1,TypeB
1096,2025-04-07T07:45:28.000Z,34.18,56.81,BuildingA_Floor2,TypeC
1099,2025-04-07T11:36:33.000Z,31.71,66.81,BuildingB_Floor1,TypeB
1018,2025-04-08T08:16:53.000Z,31.33,42.32,BuildingB_Floor1,TypeB
1038,2025-04-11T02:58:10.000Z,22.03,71.75,BuildingB_Floor2,TypeB
1022,2025-04-11T21:22:36.000Z,24.5,41.25,BuildingB_Floor2,TypeB
1072,2025-04-11T01:06:18.000Z,17.52,68.46,BuildingA_Floor1,TypeA
1008,2025-04-10T02:36:00.000Z,27.91,57.53,BuildingA_Floor1,TypeA
1062,2025-04-08T19:29:28.000Z,15.18,32.73,BuildingA_Floor2,TypeC
1021,2025-04-08T07:46:45.000Z,23.4,41.0,BuildingB_Floor1,TypeA
1031,2025-04-09T06:46:19.000Z,32.48,65.46,BuildingA_Floor2,TypeC
1078,2025-04-10T05:09:19.000Z,27.86,35.41,BuildingB_Floor2,TypeB
1035,2025-04-08T17:11:28.000Z,34.0,65.55,BuildingA_Floor1,TypeB
1037,2025-04-09T01:12:18.000Z,30.76,69.4,BuildingA_Floor1,TypeB
1047,2025-04-08T20:31:36.000Z,30.71,45.28,BuildingA_Floor1,TypeB
1057,2025-04-09T13:18:47.000Z,28.74,30.6,BuildingB_Floor1,TypeC
1004,2025-04-08T23:35:01.000Z,24.24,62.29,BuildingB_Floor1,TypeC
1098,2025-04-10T01:00:27.000Z,32.16,74.21,BuildingA_Floor2,TypeC
1085,2025-04-11T06:36:26.000Z,29.62,52.74,BuildingA_Floor1,TypeA
1059,2025-04-09T09:09:51.000Z,25.34,74.08,BuildingB_Floor2,TypeA
1068,2025-04-09T01:19:50.000Z,31.29,66.51,BuildingA_Floor1,TypeA
1094,2025-04-09T17:44:00.000Z,26.85,59.3,BuildingA_Floor2,TypeC
1098,2025-04-09T16:02:39.000Z,25.31,60.62,BuildingB_Floor1,TypeC
1069,2025-04-07T09:47:16.000Z,16.44,69.78,BuildingA_Floor1,TypeB
1074,2025-04-09T04:47:30.000Z,22.12,61.81,BuildingA_Floor1,TypeB
1016,2025-04-11T07:10:50.000Z,20.65,69.72,BuildingB_Floor1,TypeC
1040,2025-04-12T01:55:24.000Z,22.67,67.74,BuildingA_Floor2,TypeA
1054,2025-04-10T17:19:50.000Z,31.17,63.21,BuildingA_Floor1,TypeC
1028,2025-04-11T13:10:48.000Z,28.4,46.68,BuildingA_Floor2,TypeA
1036,2025-04-07T23:41:18.000Z,17.3,32.61,BuildingB_Floor2,TypeC
1002,2025-04-07T10:47:22.000Z,25.69,60.79,BuildingA_Floor1,TypeA
1013,2025-04-07T03:12:28.000Z,32.0,46.82,BuildingB_Floor2,TypeB
1041,2025-04-11T17:03:15.000Z,34.97,50.22,BuildingB_Floor1,TypeA
1063,2025-04-10T22:33:49.000Z,18.52,47.66,BuildingB_Floor1,TypeB
1096,2025-04-08T23:16:18.000Z,32.04,62.6,BuildingA_Floor1,TypeB
1037,2025-04-07T18:53:32.000Z,21.25,56.59,BuildingA_Floor2,TypeC
1042,2025-04-07T11:54:55.000Z,23.13,78.7,BuildingB_Floor1,TypeA
1041,2025-04-09T23:01:08.000Z,33.52,75.13,BuildingA_Floor2,TypeA
1097,2025-04-07T20:42:14.000Z,33.54,68.28,BuildingA_Floor2,TypeA
1051,2025-04-10T07:43:29.000Z,30.57,41.98,BuildingB_Floor1,TypeC
1024,2025-04-12T02:07:07.000Z,23.66,31.75,BuildingA_Floor1,TypeA
1047,2025-04-07T11:57:07.000Z,32.43,40.42,BuildingB_Floor2,TypeB
1042,2025-04-09T10:38:45.000Z,31.6,69.57,BuildingB_Floor1,TypeC
1015,2025-04-10T02:24:12.000Z,26.59,50.84,BuildingA_Floor2,TypeA
1059,2025-04-08T08:47:33.000Z,28.99,69.63,BuildingB_Floor1,TypeC
1039,2025-04-07T17:33:50.000Z,26.31,58.61,BuildingA_Floor1,TypeC
1012,2025-04-11T10:52:35.000Z,31.94,74.56,BuildingB_Floor1,TypeA
1053,2025-04-11T01:16:41.000Z,23.96,44.39,BuildingB_Floor1,TypeB
1068,2025-04-08T20:54:21.000Z,34.85,64.64,BuildingA_Floor2,TypeC
1005,2025-04-08T01:52:52.000Z,20.7,54.17,BuildingA_Floor1,TypeB
1073,2025-04-11T04:23:49.000Z,33.71,48.13,BuildingA_Floor2,TypeB
1074,2025-04-09T16:13:39.000Z,28.74,69.42,BuildingB_Floor2,TypeB
1066,2025-04-08T17:27:32.000Z,17.05,49.39,BuildingB_Floor1,TypeC
1100,2025-04-07T02:53:42.000Z,18.37,35.58,BuildingA_Floor2,TypeC
1010,2025-04-09T18:05:54.000Z,33.14,58.71,BuildingB_Floor1,TypeC
1076,2025-04-07T21:51:16.000Z,29.21,43.35,BuildingB_Floor1,TypeA
1058,2025-04-09T13:05:52.000Z,29.01,49.09,BuildingA_Floor1,TypeB
1005,2025-04-11T19:04:52.000Z,17.05,47.12,BuildingA_Floor1,TypeC
1097,2025-04-09T06:02:21.000Z,15.62,62.53,BuildingB_Floor1,TypeB
1032,2025-04-09T04:54:25.000Z,25.05,35.24,BuildingB_Floor1,TypeC
1089,2025-04-11T06:27:00.000Z,34.68,47.46,BuildingA_Floor2,TypeA
1093,2025-04-09T02:40:02.000Z,15.24,63.23,BuildingB_Floor2,TypeB
1060,2025-04-09T18:54:33.000Z,21.74,63.32,BuildingB_Floor1,TypeA
1050,2025-04-11T05:26:10.000Z,16.26,58.82,BuildingA_Floor1,TypeC
1091,2025-04-11T21:12:38.000Z,18.9,65.63,BuildingA_Floor2,TypeB
1074,2025-04-11T18:46:06.000Z,24.36,30.62,BuildingA_Floor2,TypeB
1040,2025-04-07T06:09:50.000Z,15.94,43.34,BuildingA_Floor2,TypeC
1039,2025-04-08T19:30:50.000Z,27.09,48.92,BuildingA_Floor2,TypeC
1093,2025-04-07T17:23:27.000Z,19.6,73.78,BuildingB_Floor2,TypeB
1035,2025-04-10T01:14:53.000Z,28.6,32.75,BuildingA_Floor2,TypeB
1003,2025-04-10T07:34:14.000Z,15.02,39.78,BuildingB_Floor1,TypeB
1032,2025-04-09T23:40:03.000Z,30.98,71.82,BuildingB_Floor1,TypeB
1014,2025-04-09T18:43:14.000Z,33.11,48.54,BuildingB_Floor2,TypeB
1055,2025-04-09T21:21:54.000Z,29.77,53.98,BuildingA_Floor1,TypeB
1018,2025-04-11T09:28:46.000Z,34.1,76.95,BuildingA_Floor1,TypeB
1008,2025-04-10T08:02:54.000Z,24.82,58.17,BuildingA_Floor1,TypeC
1053,2025-04-11T01:40:22.000Z,17.65,79.54,BuildingB_Floor1,TypeA
1071,2025-04-11T13:43:41.000Z,25.69,68.7,BuildingB_Floor1,TypeB
1097,2025-04-10T09:23:46.000Z,31.24,46.82,BuildingA_Floor2,TypeB
1064,2025-04-11T13:29:14.000Z,24.46,59.54,BuildingA_Floor2,TypeC
1000,2025-04-10T06:16:26.000Z,16.91,53.6,BuildingA_Floor2,TypeB
1014,2025-04-09T05:57:21.000Z,24.3,67.47,BuildingB_Floor1,TypeC
1052,2025-04-11T11:11:31.000Z,17.76,51.67,BuildingB_Floor2,TypeA
1016,2025-04-11T04:35:39.000Z,30.63,59.69,BuildingB_Floor1,TypeC
1033,2025-04-11T13:45:25.000Z,19.99,45.54,BuildingB_Floor1,TypeA
1015,2025-04-09T01:05:00.000Z,30.81,35.7,BuildingB_Floor1,TypeB
1057,2025-04-09T12:13:18.000Z,28.51,43.19,BuildingA_Floor2,TypeC
1097,2025-04-10T02:41:58.000Z,27.92,47.24,BuildingA_Floor1,TypeB
1061,2025-04-08T02:55:09.000Z,34.7,62.74,BuildingA_Floor2,TypeB
1046,2025-04-09T00:58:28.000Z,17.42,79.11,BuildingB_Floor2,TypeC
1074,2025-04-07T21:07:09.000Z,30.45,50.8,BuildingB_Floor2,TypeC
1003,2025-04-10T04:13:12.000Z,19.0,52.78,BuildingB_Floor1,TypeA
1091,2025-04-09T01:14:04.000Z,16.01,74.33,BuildingB_Floor1,TypeC
1020,2025-04-11T16:20:16.000Z,27.31,47.35,BuildingA_Floor2,TypeA
1064,2025-04-08T04:42:46.000Z,33.71,39.7,BuildingB_Floor2,TypeC
1067,2025-04-10T16:09:53.000Z,18.66,58.85,BuildingB_Floor2,TypeC
1064,2025-04-10T15:49:14.000Z,23.96,63.64,BuildingB_Floor1,TypeC
1075,2025-04-09T07:55:47.000Z,15.84,69.39,BuildingA_Floor2,TypeA
1020,2025-04-08T04:49:53.000Z,15.19,33.64,BuildingB_Floor2,TypeB
1091,2025-04-10T15:04:59.000Z,34.04,64.56,BuildingB_Floor2,TypeA
1099,2025-04-10T06:17:13.000Z,17.76,58.67,BuildingA_Floor2,TypeA
1035,2025-04-07T07:12:23.000Z,21.88,36.96,BuildingA_Floor1,TypeC
1022,2025-04-07T20:27:25.000Z,34.36,52.85,BuildingB_Floor2,TypeA
1081,2025-04-12T00:26:20.000Z,23.69,66.05,BuildingB_Floor2,TypeA
1066,2025-04-11T12:53:27.000Z,21.01,47.09,BuildingB_Floor2,TypeA
1025,2025-04-10T17:08:44.000Z,23.64,51.47,BuildingB_Floor2,TypeB
1052,2025-04-09T19:34:50.000Z,27.36,56.48,BuildingA_Floor1,TypeC
1065,2025-04-11T02:22:16.000Z,15.55,49.19,BuildingA_Floor2,TypeA
1056,2025-04-07T16:46:16.000Z,19.85,77.28,BuildingB_Floor2,TypeB
1042,2025-04-07T07:52:39.000Z,17.3,45.26,BuildingA_Floor2,TypeA
1082,2025-04-11T05:51:41.000Z,27.86,63.98,BuildingA_Floor1,TypeC
1086,2025-04-09T17:29:38.000Z,28.27,72.0,BuildingA_Floor2,TypeA
1017,2025-04-07T17:15:20.000Z,22.86,37.92,BuildingB_Floor1,TypeC
1097,2025-04-10T23:47:19.000Z,19.86,40.7,BuildingA_Floor1,TypeA
1001,2025-04-08T18:50:14.000Z,33.64,57.87,BuildingB_Floor2,TypeC
1053,2025-04-09T13:32:47.000Z,19.99,49.51,BuildingA_Floor1,TypeB
1074,2025-04-10T21:02:10.000Z,15.12,50.33,BuildingA_Floor2,TypeA
1040,2025-04-07T13:03:29.000Z,18.51,77.45,BuildingA_Floor1,TypeC
1071,2025-04-09T23:36:25.000Z,20.21,44.61,BuildingA_Floor1,TypeA
1020,2025-04-11T18:12:38.000Z,32.71,35.65,BuildingB_Floor2,TypeC
1061,2025-04-08T00:35:42.000Z,18.29,39.24,BuildingB_Floor2,TypeA
1043,2025-04-10T20:05:49.000Z,21.5,77.13,BuildingB_Floor2,TypeA
1099,2025-04-07T03:23:09.000Z,26.89,38.5,BuildingA_Floor2,TypeC
1040,2025-04-07T11:07:31.000Z,33.5,55.33,BuildingB_Floor2,TypeB
1008,2025-04-08T09:35:56.000Z,32.89,76.63,BuildingB_Floor2,TypeC
1034,2025-04-09T06:40:34.000Z,23.99,37.31,BuildingA_Floor1,TypeC
1082,2025-04-10T04:51:09.000Z,23.81,42.44,BuildingB_Floor1,TypeB
1051,2025-04-07T04:37:15.000Z,18.56,76.75,BuildingB_Floor1,TypeC
1100,2025-04-07T06:30:45.000Z,23.78,50.37,BuildingA_Floor1,TypeB
1034,2025-04-09T12:30:24.000Z,28.05,64.71,BuildingB_Floor1,TypeB
1010,2025-04-07T03:57:00.000Z,15.07,60.13,BuildingB_Floor2,TypeA
1000,2025-04-07T05:42:57.000Z,17.42,56.66,BuildingB_Floor1,TypeB
1100,2025-04-08T14:37:46.000Z,18.45,46.33,BuildingB_Floor1,TypeA
1005,2025-04-09T09:12:39.000Z,25.3,79.93,BuildingA_Floor2,TypeC
1017,2025-04-09T02:07:04.000Z,30.01,49.66,BuildingB_Floor1,TypeA
1056,2025-04-07T08:48:47.000Z,19.17,62.38,BuildingA_Floor1,TypeC
1085,2025-04-09T10:20:35.000Z,15.93,75.68,BuildingA_Floor2,TypeB
1060,2025-04-08T21:13:10.000Z,19.57,68.22,BuildingA_Floor1,TypeC
1047,2025-04-09T22:12:59.000Z,24.95,39.37,BuildingA_Floor1,TypeC
1071,2025-04-07T18:50:32.000Z,20.38,59.02,BuildingB_Floor1,TypeC
1094,2025-04-12T02:35:15.000Z,17.22,54.96,BuildingB_Floor2,TypeB
1053,2025-04-09T22:19:06.000Z,24.15,48.77,BuildingB_Floor2,TypeB
1050,2025-04-08T06:53:31.000Z,20.73,54.95,BuildingB_Floor2,TypeA
1004,2025-04-11T07:31:09.000Z,19.62,64.35,BuildingB_Floor2,TypeC
1064,2025-04-11T05:02:30.000Z,26.21,78.62,BuildingA_Floor2,TypeB
1073,2025-04-11T23:41:55.000Z,25.38,62.91,BuildingB_Floor2,TypeC
1087,2025-04-08T10:02:14.000Z,33.64,43.39,BuildingB_Floor1,TypeC
1099,2025-04-10T12:55:06.000Z,33.69,33.59,BuildingB_Floor2,TypeB
1037,2025-04-09T15:50:35.000Z,17.82,54.84,BuildingB_Floor2,TypeC
1099,2025-04-11T02:05:10.000Z,25.23,42.82,BuildingA_Floor1,TypeB
1098,2025-04-09T21:44:26.000Z,24.33,66.29,BuildingB_Floor1,TypeC
1026,2025-04-11T13:42:28.000Z,32.25,41.32,BuildingB_Floor2,TypeB
1005,2025-04-07T07:48:26.000Z,19.55,72.67,BuildingA_Floor2,TypeA
1020,2025-04-08T04:33:10.000Z,27.87,79.82,BuildingA_Floor1,TypeC
1028,2025-04-09T15:55:53.000Z,23.25,55.17,BuildingB_Floor1,TypeB
1041,2025-04-11T17:50:01.000Z,18.22,38.13,BuildingA_Floor1,TypeA
1079,2025-04-09T11:48:09.000Z,31.57,43.91,BuildingB_Floor2,TypeC
1055,2025-04-10T23:02:00.000Z,31.76,53.91,BuildingB_Floor1,TypeB
1097,2025-04-09T05:00:58.000Z,30.81,63.01,BuildingA_Floor2,TypeB
1079,2025-04-08T12:24:10.000Z,19.93,77.3,BuildingA_Floor2,TypeA
1047,2025-04-07T20:04:56.000Z,23.4,54.69,BuildingA_Floor1,TypeC
1047,2025-04-09T00:25:04.000Z,23.77,66.09,BuildingA_Floor1,TypeA
1036,2025-04-09T14:50:55.000Z,15.52,36.86,BuildingB_Floor1,TypeB
1060,2025-04-11T17:39:39.000Z,29.85,38.72,BuildingB_Floor2,TypeA
1005,2025-04-08T17:44:43.000Z,30.64,69.34,BuildingB_Floor1,TypeB
1070,2025-04-09T03:00:41.000Z,19.48,61.56,BuildingA_Floor2,TypeA
1085,2025-04-11T11:11:14.000Z,29.73,37.01,BuildingA_Floor1,TypeC
1035,2025-04-07T03:15:12.000Z,29.8,70.43,BuildingA_Floor1,TypeA
1024,2025-04-08T02:18:16.000Z,25.47,61.0,BuildingA_Floor2,TypeC
1009,2025-04-11T17:24:24.000Z,27.53,53.04,BuildingA_Floor1,TypeB
1018,2025-04-08T20:16:39.000Z,19.16,63.73,BuildingB_Floor2,TypeC
1018,2025-04-10T17:24:46.000Z,21.01,63.65,BuildingA_Floor1,TypeA
1022,2025-04-07T15:01:56.000Z,28.24,63.66,BuildingA_Floor1,TypeA
1082,2025-04-09T21:49:35.000Z,22.29,77.93,BuildingA_Floor2,TypeA
1055,2025-04-08T23:16:33.000Z,22.57,49.08,BuildingB_Floor2,TypeC
1099,2025-04-11T19:55:03.000Z,22.33,56.34,BuildingA_Floor2,TypeC
1029,2025-04-08T01:34:14.000Z,15.2,67.13,BuildingA_Floor2,TypeB
1020,2025-04-07T11:28:20.000Z,17.42,43.87,BuildingB_Floor1,TypeA
1088,2025-04-10T00:23:53.000Z,20.09,74.0,BuildingB_Floor1,TypeC
1066,2025-04-08T17:51:32.000Z,15.35,42.08,BuildingB_Floor1,TypeC
1003,2025-04-10T00:51:05.000Z,24.96,51.8,BuildingB_Floor2,TypeC
1042,2025-04-08T13:10:40.000Z,32.49,50.54,BuildingA_Floor2,TypeB
1039,2025-04-09T18:36:26.000Z,27.61,68.52,BuildingA_Floor2,TypeB
1046,2025-04-10T11:59:59.000Z,20.89,67.92,BuildingB_Floor1,TypeB
1064,2025-04-08T23:05:48.000Z,32.19,73.04,BuildingB_Floor1,TypeC
1047,2025-04-10T18:58:37.000Z,20.95,69.0,BuildingA_Floor2,TypeA
1061,2025-04-10T22:19:09.000Z,16.68,57.0,BuildingB_Floor1,TypeC
1002,2025-04-10T09:46:16.000Z,23.92,33.63,BuildingB_Floor2,TypeB
1011,2025-04-10T11:33:49.000Z,21.57,31.19,BuildingB_Floor2,TypeC
1002,2025-04-11T00:38:24.000Z,23.4,41.68,BuildingB_Floor2,TypeA
1095,2025-04-09T03:56:41.000Z,27.75,74.67,BuildingA_Floor1,TypeC
1031,2025-04-09T13:48:00.000Z,22.51,78.69,BuildingA_Floor1,TypeC
1097,2025-04-08T12:36:51.000Z,32.57,32.97,BuildingB_Floor1,TypeC
1056,2025-04-11T16:21:41.000Z,28.12,48.6,BuildingB_Floor2,TypeA
1008,2025-04-09T00:27:28.000Z,15.38,77.52,BuildingA_Floor1,TypeC
1092,2025-04-08T14:00:30.000Z,18.57,38.09,BuildingA_Floor1,TypeA
1050,2025-04-11T23:09:26.000Z,19.73,57.92,BuildingA_Floor1,TypeC
1022,2025-04-08T18:00:51.000Z,18.68,53.3,BuildingB_Floor2,TypeB
1069,2025-04-10T18:41:16.000Z,22.19,68.4,BuildingB_Floor2,TypeC
1078,2025-04-09T02:57:07.000Z,21.91,50.74,BuildingB_Floor2,TypeB
1072,2025-04-10T22:20:46.000Z,27.11,56.07,BuildingA_Floor2,TypeB
1073,2025-04-10T03:43:03.000Z,34.21,54.92,BuildingA_Floor1,TypeB
1063,2025-04-11T14:03:27.000Z,16.66,64.63,BuildingB_Floor2,TypeA
1076,2025-04-09T02:34:33.000Z,27.48,71.18,BuildingB_Floor2,TypeC
1059,2025-04-11T02:14:04.000Z,19.12,76.36,BuildingA_Floor1,TypeA
1015,2025-04-09T01:53:06.000Z,31.73,42.06,BuildingB_Floor2,TypeB
1015,2025-04-11T14:35:56.000Z,33.24,75.74,BuildingB_Floor2,TypeB
1060,2025-04-11T07:21:08.000Z,33.04,52.96,BuildingB_Floor1,TypeC
1052,2025-04-10T12:50:45.000Z,18.52,67.84,BuildingB_Floor2,TypeB
1032,2025-04-10T10:17:45.000Z,34.54,56.56,BuildingA_Floor1,TypeC
1094,2025-04-08T16:23:47.000Z,28.3,32.68,BuildingB_Floor2,TypeA
1022,2025-04-10T16:15:34.000Z,18.19,42.73,BuildingB_Floor2,TypeA
1022,2025-04-08T05:09:19.000Z,21.76,65.37,BuildingB_Floor1,TypeB
1049,2025-04-10T03:31:15.000Z,20.84,78.0,BuildingB_Floor1,TypeA
1085,2025-04-07T07:34:58.000Z,25.18,36.94,BuildingB_Floor2,TypeB
1017,2025-04-08T11:52:38.000Z,32.85,64.13,BuildingA_Floor1,TypeC
1005,2025-04-08T16:02:48.000Z,18.67,70.54,BuildingB_Floor1,TypeA
1043,2025-04-10T03:34:34.000Z,25.91,30.68,BuildingA_Floor2,TypeC
1007,2025-04-11T11:05:36.000Z,25.84,56.52,BuildingA_Floor1,TypeC
1051,2025-04-08T16:48:11.000Z,28.25,66.87,BuildingB_Floor1,TypeC
1031,2025-04-08T09:52:29.000Z,17.51,31.6,BuildingB_Floor2,TypeA
1021,2025-04-10T02:03:37.000Z,20.06,33.83,BuildingB_Floor2,TypeA
1014,2025-04-09T08:15:43.000Z,15.25,43.06,BuildingB_Floor2,TypeA
1068,2025-04-12T01:52:00.000Z,22.66,38.74,BuildingA_Floor1,TypeB
1074,2025-04-07T13:17:14.000Z,22.73,52.83,BuildingB_Floor2,TypeB
1071,2025-04-10T18:02:38.000Z,24.88,73.71,BuildingB_Floor1,TypeC
1078,2025-04-07T12:50:22.000Z,28.04,30.39,BuildingB_Floor2,TypeB
1023,2025-04-11T14:19:49.000Z,21.89,30.71,BuildingB_Floor2,TypeC
1097,2025-04-09T05:22:23.000Z,19.43,72.63,BuildingB_Floor2,TypeA
1046,2025-04-09T18:18:27.000Z,21.21,70.27,BuildingA_Floor1,TypeC
1071,2025-04-07T19:17:38.000Z,28.91,65.42,BuildingB_Floor1,TypeA
1069,2025-04-10T20:53:00.000Z,22.85,48.28,BuildingA_Floor2,TypeA
1057,2025-04-10T01:36:43.000Z,25.6,32.26,BuildingA_Floor2,TypeA
1044,2025-04-08T06:40:20.000Z,33.1,41.33,BuildingB_Floor1,TypeC
1004,2025-04-07T22:32:23.000Z,22.81,38.02,BuildingB_Floor1,TypeA
1080,2025-04-07T17:26:47.000Z,30.19,36.19,BuildingA_Floor2,TypeB
1016,2025-04-09T01:11:10.000Z,24.16,54.49,BuildingA_Floor2,TypeC
1053,2025-04-11T07:31:00.000Z,22.79,63.88,BuildingA_Floor1,TypeC
1018,2025-04-08T04:55:45.000Z,19.26,53.33,BuildingA_Floor2,TypeA
1087,2025-04-07T15:47:13.000Z,29.83,79.96,BuildingB_Floor2,TypeA
1014,2025-04-11T18:43:48.000Z,28.3,48.01,BuildingB_Floor1,TypeA
1059,2025-04-11T18:52:12.000Z,19.01,38.37,BuildingA_Floor2,TypeB
1067,2025-04-10T20:33:12.000Z,16.96,71.95,BuildingA_Floor1,TypeC
1034,2025-04-09T02:52:33.000Z,32.39,34.3,BuildingB_Floor1,TypeC
1039,2025-04-08T08:56:41.000Z,18.21,79.0,BuildingA_Floor1,TypeB
1059,2025-04-07T21:43:23.000Z,34.75,49.23,BuildingB_Floor2,TypeC
1063,2025-04-08T18:28:33.000Z,17.4,53.58,BuildingB_Floor2,TypeC
1075,2025-04-11T05:50:10.000Z,21.16,77.53,BuildingA_Floor1,TypeA
1011,2025-04-07T05:07:29.000Z,16.85,79.0,BuildingB_Floor1,TypeA
1069,2025-04-08T09:23:57.000Z,27.41,75.26,BuildingB_Floor2,TypeA
1090,2025-04-10T09:39:05.000Z,21.15,76.89,BuildingB_Floor1,TypeA
1042,2025-04-09T07:08:00.000Z,28.23,56.23,BuildingA_Floor2,TypeC
1082,2025-04-10T01:51:51.000Z,23.78,70.89,BuildingA_Floor1,TypeB
1090,2025-04-08T18:13:16.000Z,17.6,78.44,BuildingB_Floor1,TypeA
1094,2025-04-09T19:35:17.000Z,28.11,79.5,BuildingB_Floor1,TypeA
1035,2025-04-10T12:22:24.000Z,27.8,65.93,BuildingB_Floor1,TypeB
1061,2025-04-10T13:16:04.000Z,32.49,58.3,BuildingA_Floor2,TypeC
1069,2025-04-07T11:51:06.000Z,27.74,68.98,BuildingB_Floor2,TypeA
1097,2025-04-08T14:22:09.000Z,32.39,47.4,BuildingA_Floor1,TypeA
1055,2025-04-11T04:52:27.000Z,27.78,35.77,BuildingB_Floor2,TypeA
1084,2025-04-07T23:41:38.000Z,29.35,79.14,BuildingA_Floor1,TypeC
1038,2025-04-10T13:16:16.000Z,21.25,42.89,BuildingA_Floor2,TypeB
1014,2025-04-11T07:13:10.000Z,18.97,75.22,BuildingB_Floor2,TypeA
1015,2025-04-10T13:24:35.000Z,32.68,61.27,BuildingA_Floor1,TypeC
1058,2025-04-08T19:31:16.000Z,19.46,67.49,BuildingA_Floor1,TypeA
1055,2025-04-09T01:10:08.000Z,20.29,72.49,BuildingA_Floor1,TypeC
1055,2025-04-07T19:23:25.000Z,15.32,60.26,BuildingA_Floor2,TypeC
1096,2025-04-07T18:16:24.000Z,25.91,77.92,BuildingB_Floor1,TypeC
1042,2025-04-10T19:53:31.000Z,15.27,36.44,BuildingA_Floor1,TypeB
1065,2025-04-08T22:04:30.000Z,25.46,42.06,BuildingA_Floor1,TypeC
1043,2025-04-07T08:26:07.000Z,25.91,58.28,BuildingA_Floor1,TypeA
1044,2025-04-09T04:23:52.000Z,18.44,70.09,BuildingA_Floor1,TypeB
1006,2025-04-11T02:07:22.000Z,34.52,66.58,BuildingB_Floor2,TypeB
1078,2025-04-10T19:16:23.000Z,18.76,44.66,BuildingB_Floor2,TypeB
1069,2025-04-08T05:04:03.000Z,21.52,51.27,BuildingB_Floor1,TypeB
1092,2025-04-11T02:23:02.000Z,33.33,54.2,BuildingA_Floor1,TypeC
1038,2025-04-10T04:36:13.000Z,18.22,51.92,BuildingA_Floor2,TypeB
1051,2025-04-11T03:55:56.000Z,30.75,45.99,BuildingA_Floor1,TypeB
1037,2025-04-11T18:59:00.000Z,30.99,57.47,BuildingA_Floor2,TypeB
1029,2025-04-11T05:26:42.000Z,32.56,56.22,BuildingB_Floor2,TypeC
1015,2025-04-07T09:50:18.000Z,29.41,69.02,BuildingA_Floor2,TypeC
1026,2025-04-08T12:57:50.000Z,17.4,61.78,BuildingB_Floor2,TypeA
1038,2025-04-07T13:45:25.000Z,15.01,49.11,BuildingA_Floor2,TypeB
1072,2025-04-08T03:54:56.000Z,23.02,67.58,BuildingB_Floor1,TypeC
1072,2025-04-07T17:25:56.000Z,33.51,46.35,BuildingB_Floor2,TypeA
1085,2025-04-10T23:35:24.000Z,15.81,60.63,BuildingA_Floor2,TypeB
1099,2025-04-09T12:13:10.000Z,26.91,35.65,BuildingA_Floor1,TypeC
1019,2025-04-08T14:25:49.000Z,29.42,42.01,BuildingB_Floor1,TypeB
1058,2025-04-10T08:00:11.000Z,27.66,31.5,BuildingB_Floor1,TypeC
1084,2025-04-10T22:09:14.000Z,17.51,35.12,BuildingA_Floor1,TypeA
1013,2025-04-11T17:18:59.000Z,33.91,70.16,BuildingA_Floor2,TypeC
1097,2025-04-11T23:32:54.000Z,32.86,70.6,BuildingB_Floor2,TypeC
1012,2025-04-09T04:15:12.000Z,27.85,67.03,BuildingB_Floor1,TypeB
1012,2025-04-10T07:15:35.000Z,29.12,76.53,BuildingA_Floor2,TypeC
1095,2025-04-08T00:06:39.000Z,31.99,48.77,BuildingB_Floor2,TypeA
1089,2025-04-11T09:44:24.000Z,31.74,54.0,BuildingB_Floor1,TypeB
1037,2025-04-08T15:16:58.000Z,24.38,38.68,BuildingA_Floor2,TypeC
1032,2025-04-10T08:42:04.000Z,19.39,39.49,BuildingB_Floor1,TypeA
1075,2025-04-08T13:40:09.000Z,26.27,50.4,BuildingB_Floor1,TypeC
1100,2025-04-10T17:29:45.000Z,31.3,59.54,BuildingB_Floor2,TypeA
1064,2025-04-08T01:06:41.000Z,23.89,47.06,BuildingA_Floor2,TypeA
1014,2025-04-10T16:23:46.000Z,18.93,52.55,BuildingA_Floor1,TypeB
1066,2025-04-11T16:44:21.000Z,30.96,71.56,BuildingA_Floor2,TypeC
1065,2025-04-12T01:04:01.000Z,20.5,76.9,BuildingB_Floor2,TypeC
1063,2025-04-10T23:22:10.000Z,16.06,37.45,BuildingB_Floor1,TypeC
1066,2025-04-07T17:18:40.000Z,26.29,79.03,BuildingB_Floor1,TypeC
1084,2025-04-11T11:05:11.000Z,20.63,31.86,BuildingB_Floor1,TypeB
1071,2025-04-07T17:44:59.000Z,34.33,31.42,BuildingB_Floor1,TypeC
1082,2025-04-10T05:32:47.000Z,26.22,32.8,BuildingA_Floor1,TypeA
1038,2025-04-09T04:50:49.000Z,32.99,37.32,BuildingA_Floor2,TypeB
1005,2025-04-10T08:47:28.000Z,15.48,33.97,BuildingA_Floor1,TypeB
1068,2025-04-11T10:16:41.000Z,27.6,34.17,BuildingA_Floor1,TypeA
1038,2025-04-10T08:53:48.000Z,30.19,37.14,BuildingA_Floor2,TypeA
1029,2025-04-09T21:26:34.000Z,27.59,77.51,BuildingA_Floor2,TypeB
1088,2025-04-07T12:00:44.000Z,19.54,60.76,BuildingA_Floor1,TypeB
1099,2025-04-09T01:12:00.000Z,16.39,34.73,BuildingB_Floor2,TypeC
1083,2025-04-08T20:55:53.000Z,21.07,52.79,BuildingB_Floor1,TypeB
1086,2025-04-11T13:01:18.000Z,18.53,66.7,BuildingA_Floor1,TypeA
1067,2025-04-10T16:44:37.000Z,22.44,65.02,BuildingA_Floor2,TypeC
1010,2025-04-11T21:43:03.000Z,33.98,71.22,BuildingA_Floor2,TypeA
1011,2025-04-10T14:55:30.000Z,34.71,67.2,BuildingA_Floor2,TypeB
1083,2025-04-08T17:58:00.000Z,20.71,79.99,BuildingA_Floor2,TypeA
1020,2025-04-11T18:19:52.000Z,27.61,49.32,BuildingB_Floor2,TypeA
1076,2025-04-09T19:23:42.000Z,28.17,54.48,BuildingB_Floor1,TypeB
1030,2025-04-08T18:59:04.000Z,34.55,52.87,BuildingB_Floor1,TypeB
1021,2025-04-07T22:27:23.000Z,24.16,79.36,BuildingB_Floor1,TypeA
1057,2025-04-11T07:32:33.000Z,15.31,40.61,BuildingA_Floor2,TypeB
1022,2025-04-08T18:57:29.000Z,24.78,72.42,BuildingA_Floor2,TypeB
1066,2025-04-08T08:42:20.000Z,34.47,33.13,BuildingB_Floor1,TypeC
1051,2025-04-08T06:17:38.000Z,18.76,34.47,BuildingA_Floor2,TypeA
1070,2025-04-07T21:09:38.000Z,15.16,53.28,BuildingB_Floor1,TypeA
1003,2025-04-10T10:36:52.000Z,23.1,36.99,BuildingA_Floor2,TypeC
1001,2025-04-08T15:59:58.000Z,15.69,63.61,BuildingB_Floor2,TypeA
1078,2025-04-09T06:12:20.000Z,23.71,57.62,BuildingB_Floor1,TypeB
1062,2025-04-10T23:23:15.000Z,29.56,31.42,BuildingB_Floor2,TypeA
1080,2025-04-10T11:32:36.000Z,19.64,34.23,BuildingA_Floor2,TypeA
1072,2025-04-08T17:02:02.000Z,25.2,46.23,BuildingB_Floor2,TypeC
1014,2025-04-11T11:36:35.000Z,33.42,69.52,BuildingA_Floor1,TypeA
1002,2025-04-07T13:57:46.000Z,15.98,70.08,BuildingA_Floor1,TypeB
1048,2025-04-11T10:22:40.000Z,32.46,77.8,BuildingA_Floor2,TypeC
1064,2025-04-07T11:42:28.000Z,26.02,72.57,BuildingB_Floor2,TypeC
1080,2025-04-08T15:56:11.000Z,24.49,52.73,BuildingA_Floor1,TypeC
1009,2025-04-10T19:52:03.000Z,16.69,30.28,BuildingA_Floor2,TypeA
1088,2025-04-11T23:25:38.000Z,34.17,63.05,BuildingA_Floor1,TypeA
1045,2025-04-09T16:02:05.000Z,23.51,39.72,BuildingA_Floor1,TypeB
1074,2025-04-09T00:47:36.000Z,32.8,72.6,BuildingB_Floor1,TypeC
1075,2025-04-09T20:40:45.000Z,30.19,78.86,BuildingA_Floor1,TypeC
1038,2025-04-09T12:56:04.000Z,18.57,49.74,BuildingA_Floor1,TypeB
1070,2025-04-11T18:36:40.000Z,26.51,72.65,BuildingB_Floor2,TypeC
1020,2025-04-07T17:49:52.000Z,34.25,65.82,BuildingB_Floor1,TypeA
1021,2025-04-09T10:11:33.000Z,24.39,49.92,BuildingA_Floor2,TypeA
1028,2025-04-11T09:49:40.000Z,19.22,43.51,BuildingA_Floor2,TypeB
1035,2025-04-07T23:41:07.000Z,18.93,72.36,BuildingB_Floor2,TypeA
1003,2025-04-09T00:29:57.000Z,30.62,69.37,BuildingA_Floor2,TypeC
1055,2025-04-08T02:11:21.000Z,20.43,74.63,BuildingA_Floor2,TypeA
1081,2025-04-10T04:39:15.000Z,23.9,30.68,BuildingA_Floor1,TypeA
1013,2025-04-08T06:05:09.000Z,18.17,37.09,BuildingB_Floor2,TypeB
1076,2025-04-09T20:18:07.000Z,16.99,71.16,BuildingB_Floor1,TypeC
1049,2025-04-07T19:30:10.000Z,33.03,44.23,BuildingB_Floor1,TypeB
1098,2025-04-10T03:32:08.000Z,19.4,55.7,BuildingB_Floor1,TypeC
1004,2025-04-10T16:19:09.000Z,17.72,44.07,BuildingB_Floor1,TypeB
1058,2025-04-10T01:21:50.000Z,27.29,34.5,BuildingB_Floor1,TypeA
1062,2025-04-07T21:52:07.000Z,24.07,33.1,BuildingA_Floor2,TypeB
1012,2025-04-10T00:13:39.000Z,30.78,76.05,BuildingB_Floor2,TypeA
1061,2025-04-11T20:39:29.000Z,20.22,62.97,BuildingB_Floor2,TypeB
1024,2025-04-08T01:08:23.000Z,21.29,72.83,BuildingB_Floor2,TypeA
1024,2025-04-11T06:17:41.000Z,26.35,56.91,BuildingA_Floor2,TypeC
1091,2025-04-08T07:45:56.000Z,23.55,49.85,BuildingA_Floor2,TypeB
1063,2025-04-10T14:04:01.000Z,24.21,77.06,BuildingA_Floor2,TypeA
1023,2025-04-09T08:14:57.000Z,33.01,33.01,BuildingA_Floor2,TypeB
1083,2025-04-09T11:28:14.000Z,28.03,42.01,BuildingB_Floor2,TypeB
1073,2025-04-10T13:17:46.000Z,33.88,41.83,BuildingB_Floor1,TypeB
1080,2025-04-10T05:14:55.000Z,26.3,48.73,BuildingB_Floor2,TypeB
1054,2025-04-07T06:11:31.000Z,31.16,41.03,BuildingB_Floor1,TypeB
1067,2025-04-07T13:34:46.000Z,21.52,34.49,BuildingA_Floor2,TypeB
1000,2025-04-10T16:14:32.000Z,30.32,59.69,BuildingB_Floor2,TypeC
1028,2025-04-11T04:53:42.000Z,22.41,46.95,BuildingA_Floor2,TypeA
1093,2025-04-08T08:51:34.000Z,25.75,65.23,BuildingA_Floor2,TypeB
1012,2025-04-10T20:54:52.000Z,15.14,73.56,BuildingB_Floor2,TypeA
1006,2025-04-11T09:21:10.000Z,26.8,60.71,BuildingB_Floor1,TypeC
1024,2025-04-07T03:44:51.000Z,31.83,56.57,BuildingB_Floor2,TypeC
1085,2025-04-11T08:25:45.000Z,30.2,42.69,BuildingB_Floor2,TypeB
1051,2025-04-10T01:47:22.000Z,15.97,34.08,BuildingB_Floor1,TypeA
1063,2025-04-11T22:55:06.000Z,26.79,56.03,BuildingA_Floor2,TypeB
1038,2025-04-09T02:37:49.000Z,25.18,73.63,BuildingA_Floor1,TypeC
1086,2025-04-11T01:20:04.000Z,20.41,51.09,BuildingB_Floor2,TypeB
1088,2025-04-08T13:57:23.000Z,24.98,54.63,BuildingA_Floor1,TypeC
1080,2025-04-11T08:12:16.000Z,29.24,60.13,BuildingA_Floor1,TypeA
1072,2025-04-10T08:09:43.000Z,24.59,42.07,BuildingB_Floor1,TypeB
1034,2025-04-07T23:33:41.000Z,24.15,79.48,BuildingA_Floor1,TypeB
1095,2025-04-09T21:48:13.000Z,32.99,44.26,BuildingA_Floor1,TypeA
1097,2025-04-07T16:56:10.000Z,19.03,73.87,BuildingA_Floor1,TypeC
1022,2025-04-10T16:31:47.000Z,15.58,60.65,BuildingB_Floor1,TypeB
1067,2025-04-09T15:38:13.000Z,26.57,57.24,BuildingB_Floor1,TypeC
1077,2025-04-09T23:04:11.000Z,20.11,59.05,BuildingA_Floor1,TypeC
1007,2025-04-09T20:31:40.000Z,22.53,45.47,BuildingB_Floor2,TypeB
1004,2025-04-11T00:21:44.000Z,27.89,39.98,BuildingA_Floor2,TypeB
1073,2025-04-10T06:55:19.000Z,30.7,65.97,BuildingB_Floor2,TypeA
1048,2025-04-09T17:37:40.000Z,32.81,48.98,BuildingA_Floor1,TypeA
1080,2025-04-09T03:50:00.000Z,31.27,51.3,BuildingB_Floor2,TypeC
1061,2025-04-08T13:04:29.000Z,19.97,68.81,BuildingA_Floor1,TypeC
1067,2025-04-07T08:10:59.000Z,23.35,51.22,BuildingA_Floor1,TypeC
1033,2025-04-08T12:27:36.000Z,34.15,76.64,BuildingA_Floor1,TypeC
1097,2025-04-09T22:16:51.000Z,29.36,76.27,BuildingA_Floor1,TypeA
1078,2025-04-07T19:00:40.000Z,24.77,59.09,BuildingA_Floor1,TypeB
1016,2025-04-09T07:32:49.000Z,25.55,49.79,BuildingA_Floor2,TypeB
1071,2025-04-10T21:22:55.000Z,19.44,47.41,BuildingB_Floor1,TypeA
1022,2025-04-11T22:45:37.000Z,22.95,57.38,BuildingB_Floor2,TypeA
1027,2025-04-09T09:37:25.000Z,20.94,52.85,BuildingA_Floor2,TypeB
1085,2025-04-07T21:51:41.000Z,29.73,41.44,BuildingB_Floor2,TypeB
1063,2025-04-07T20:18:48.000Z,32.29,31.18,BuildingA_Floor2,TypeA
1006,2025-04-09T15:27:26.000Z,33.02,52.74,BuildingA_Floor1,TypeC
1042,2025-04-10T18:05:42.000Z,23.99,69.69,BuildingA_Floor1,TypeB
1047,2025-04-10T22:00:23.000Z,15.32,30.45,BuildingA_Floor2,TypeA
1012,2025-04-08T18:18:32.000Z,31.52,61.6,BuildingB_Floor1,TypeB
1082,2025-04-08T03:31:37.000Z,23.69,46.68,BuildingB_Floor1,TypeC
1057,2025-04-09T14:41:58.000Z,23.34,73.71,BuildingA_Floor1,TypeA
1042,2025-04-08T09:08:41.000Z,20.62,34.42,BuildingA_Floor2,TypeC
1023,2025-04-11T03:15:49.000Z,21.45,37.9,BuildingA_Floor2,TypeC
1092,2025-04-08T09:20:19.000Z,28.57,58.36,BuildingB_Floor2,TypeC
1016,2025-04-08T05:51:37.000Z,26.12,36.95,BuildingB_Floor1,TypeB
1050,2025-04-08T12:02:02.000Z,20.24,38.53,BuildingB_Floor1,TypeC
1022,2025-04-07T20:29:42.000Z,24.99,70.04,BuildingB_Floor2,TypeC
1039,2025-04-07T04:27:28.000Z,28.53,44.01,BuildingA_Floor1,TypeC
1044,2025-04-09T06:24:03.000Z,29.34,71.81,BuildingB_Floor1,TypeC
1033,2025-04-09T02:19:48.000Z,17.35,65.35,BuildingA_Floor2,TypeB
1009,2025-04-09T21:16:59.000Z,18.24,71.24,BuildingB_Floor1,TypeC
1007,2025-04-11T05:49:57.000Z,34.18,74.48,BuildingA_Floor2,TypeC
1001,2025-04-08T16:51:48.000Z,15.88,46.75,BuildingA_Floor1,TypeA
1048,2025-04-09T07:13:35.000Z,16.27,51.88,BuildingA_Floor1,TypeA
1068,2025-04-07T15:06:08.000Z,34.27,35.97,BuildingA_Floor1,TypeA
1088,2025-04-08T06:52:52.000Z,34.36,76.58,BuildingB_Floor2,TypeA
1080,2025-04-11T10:34:10.000Z,32.75,61.46,BuildingA_Floor1,TypeC
1091,2025-04-08T15:19:45.000Z,26.54,55.55,BuildingB_Floor2,TypeB
1009,2025-04-07T10:39:12.000Z,25.5,49.37,BuildingA_Floor1,TypeC
1054,2025-04-09T03:25:31.000Z,33.58,52.33,BuildingB_Floor2,TypeC
1092,2025-04-10T10:45:34.000Z,28.18,44.1,BuildingA_Floor1,TypeB
1054,2025-04-10T06:16:00.000Z,25.97,35.84,BuildingB_Floor2,TypeA
1075,2025-04-10T12:50:08.000Z,16.92,47.63,BuildingB_Floor1,TypeC
1037,2025-04-08T11:30:19.000Z,19.74,49.15,BuildingB_Floor2,TypeB
1010,2025-04-07T06:58:58.000Z,34.24,49.7,BuildingB_Floor2,TypeB
1082,2025-04-10T22:56:34.000Z,27.82,34.82,BuildingA_Floor1,TypeC
1033,2025-04-08T14:39:18.000Z,30.84,70.21,BuildingB_Floor1,TypeC
1046,2025-04-07T18:32:37.000Z,33.11,75.21,BuildingA_Floor1,TypeA
1077,2025-04-09T02:16:34.000Z,24.04,64.54,BuildingA_Floor1,TypeB
1018,2025-04-10T21:56:06.000Z,29.7,62.21,BuildingA_Floor2,TypeA
1000,2025-04-10T07:02:06.000Z,15.11,36.44,BuildingA_Floor1,TypeB
1067,2025-04-10T06:59:40.000Z,28.28,70.5,BuildingA_Floor2,TypeC
1042,2025-04-09T07:12:38.000Z,16.46,34.39,BuildingA_Floor2,TypeA
1022,2025-04-08T02:17:35.000Z,17.01,78.28,BuildingB_Floor2,TypeA
1060,2025-04-07T10:37:22.000Z,19.22,44.18,BuildingB_Floor2,TypeA
1027,2025-04-08T10:42:20.000Z,25.46,31.78,BuildingB_Floor1,TypeA
1025,2025-04-09T08:40:14.000Z,32.98,55.7,BuildingB_Floor2,TypeB
1063,2025-04-10T22:43:14.000Z,28.27,73.02,BuildingA_Floor2,TypeB
1052,2025-04-10T02:31:53.000Z,16.5,41.39,BuildingA_Floor2,TypeC
1070,2025-04-08T04:50:09.000Z,24.33,59.26,BuildingB_Floor1,TypeB
1018,2025-04-08T11:27:48.000Z,20.73,58.35,BuildingB_Floor1,TypeC
1016,2025-04-10T02:32:28.000Z,17.12,55.09,BuildingA_Floor1,TypeB
1083,2025-04-12T00:29:09.000Z,26.24,70.79,BuildingB_Floor2,TypeC
1035,2025-04-08T23:59:36.000Z,29.42,67.1,BuildingA_Floor2,TypeC
1081,2025-04-11T14:04:45.000Z,19.87,41.4,BuildingA_Floor1,TypeB
1043,2025-04-10T17:30:28.000Z,21.69,38.6,BuildingA_Floor1,TypeB
1010,2025-04-07T17:49:07.000Z,26.08,59.45,BuildingA_Floor2,TypeC
1031,2025-04-08T04:05:16.000Z,30.78,69.55,BuildingB_Floor2,TypeC
1078,2025-04-07T23:06:59.000Z,32.46,49.11,BuildingB_Floor1,TypeC
1013,2025-04-08T07:33:26.000Z,23.35,48.87,BuildingB_Floor1,TypeC
1068,2025-04-07T04:27:34.000Z,32.06,66.44,BuildingB_Floor1,TypeC
1042,2025-04-11T06:06:01.000Z,31.57,64.23,BuildingB_Floor2,TypeA
1052,2025-04-11T08:51:03.000Z,32.03,64.25,BuildingB_Floor2,TypeA
1073,2025-04-11T07:04:57.000Z,33.71,68.94,BuildingB_Floor2,TypeA
1072,2025-04-11T20:36:45.000Z,30.3,34.02,BuildingB_Floor1,TypeC
1060,2025-04-11T22:07:16.000Z,23.16,73.68,BuildingA_Floor2,TypeC
1072,2025-04-07T17:40:58.000Z,23.12,61.16,BuildingB_Floor2,TypeC
1078,2025-04-09T19:05:07.000Z,27.7,31.07,BuildingB_Floor1,TypeB
1054,2025-04-12T02:32:31.000Z,30.58,67.08,BuildingB_Floor1,TypeC
1098,2025-04-10T18:44:39.000Z,33.23,74.0,BuildingA_Floor2,TypeA
1046,2025-04-09T23:13:52.000Z,24.89,69.71,BuildingB_Floor2,TypeB
1073,2025-04-11T17:52:59.000Z,34.71,39.18,BuildingB_Floor2,TypeB
1006,2025-04-09T13:47:39.000Z,17.92,60.69,BuildingA_Floor2,TypeC
1052,2025-04-10T20:39:33.000Z,20.07,77.44,BuildingA_Floor1,TypeB
1047,2025-04-11T17:41:51.000Z,29.45,76.14,BuildingB_Floor1,TypeA
1035,2025-04-09T18:35:17.000Z,21.93,35.38,BuildingB_Floor1,TypeC
1016,2025-04-11T08:14:25.000Z,34.54,79.49,BuildingB_Floor2,TypeB
1027,2025-04-08T08:56:46.000Z,15.7,48.39,BuildingA_Floor2,TypeB
1032,2025-04-09T22:29:42.000Z,23.3,32.78,BuildingB_Floor1,TypeA
1060,2025-04-08T16:03:25.000Z,32.51,48.07,BuildingB_Floor1,TypeA
1086,2025-04-10T05:29:42.000Z,15.06,56.41,BuildingB_Floor1,TypeB
1004,2025-04-09T10:52:53.000Z,15.1,49.26,BuildingA_Floor1,TypeB
1098,2025-04-11T14:58:08.000Z,29.2,60.27,BuildingA_Floor1,TypeA
1048,2025-04-09T01:04:42.000Z,20.13,79.01,BuildingA_Floor1,TypeA
1040,2025-04-09T00:41:46.000Z,29.63,72.81,BuildingA_Floor1,TypeC
1061,2025-04-10T00:07:24.000Z,34.1,41.8,BuildingB_Floor1,TypeA
1013,2025-04-10T17:13:53.000Z,20.3,40.47,BuildingA_Floor2,TypeB
1050,2025-04-11T04:05:20.000Z,22.9,46.82,BuildingA_Floor2,TypeC
1015,2025-04-11T12:43:34.000Z,32.9,54.58,BuildingA_Floor1,TypeA
1020,2025-04-09T21:58:20.000Z,32.27,49.55,BuildingB_Floor1,TypeC
1069,2025-04-07T02:48:16.000Z,32.13,33.56,BuildingB_Floor2,TypeB
1001,2025-04-09T02:19:15.000Z,25.4,48.42,BuildingB_Floor2,TypeA
1065,2025-04-09T18:58:53.000Z,17.37,52.11,BuildingA_Floor2,TypeA
1040,2025-04-10T22:15:46.000Z,28.32,40.71,BuildingA_Floor1,TypeB
1080,2025-04-09T05:29:16.000Z,30.15,64.22,BuildingA_Floor1,TypeB
1082,2025-04-11T02:25:57.000Z,30.1,52.76,BuildingA_Floor1,TypeA
1088,2025-04-10T07:06:57.000Z,24.44,71.57,BuildingB_Floor1,TypeC
1079,2025-04-11T21:39:50.000Z,29.21,62.19,BuildingB_Floor1,TypeB
1030,2025-04-07T02:51:29.000Z,16.88,65.23,BuildingB_Floor1,TypeC
1098,2025-04-07T15:38:31.000Z,15.5,33.83,BuildingA_Floor1,TypeA
1041,2025-04-09T11:44:02.000Z,34.41,35.15,BuildingA_Floor2,TypeB
1036,2025-04-08T23:52:39.000Z,17.77,46.94,BuildingA_Floor1,TypeA
1058,2025-04-08T18:37:35.000Z,28.76,66.45,BuildingB_Floor2,TypeA
1051,2025-04-09T15:53:02.000Z,18.28,64.34,BuildingA_Floor2,TypeA
1017,2025-04-10T16:46:00.000Z,17.62,33.4,BuildingA_Floor1,TypeB
1056,2025-04-11T17:42:26.000Z,27.34,41.64,BuildingA_Floor1,TypeB
1089,2025-04-07T15:08:34.000Z,28.41,50.27,BuildingB_Floor1,TypeB
1038,2025-04-08T04:37:56.000Z,16.1,47.79,BuildingB_Floor2,TypeB
1033,2025-04-08T11:16:19.000Z,19.99,58.21,BuildingA_Floor2,TypeA
1007,2025-04-07T07:32:12.000Z,34.37,71.79,BuildingB_Floor2,TypeB
1048,2025-04-09T19:48:17.000Z,31.97,45.11,BuildingA_Floor2,TypeC
1068,2025-04-09T22:28:20.000Z,24.18,69.32,BuildingA_Floor2,TypeA
1070,2025-04-07T22:25:16.000Z,18.96,48.72,BuildingA_Floor2,TypeA
1014,2025-04-08T21:38:46.000Z,24.23,37.47,BuildingB_Floor1,TypeB
1029,2025-04-08T06:46:47.000Z,24.9,59.83,BuildingB_Floor2,TypeC
1006,2025-04-10T17:11:27.000Z,21.85,74.19,BuildingA_Floor2,TypeB
1090,2025-04-11T18:36:59.000Z,21.12,46.28,BuildingA_Floor2,TypeA
1070,2025-04-10T10:18:53.000Z,17.48,76.65,BuildingA_Floor2,TypeB
1036,2025-04-10T07:26:15.000Z,20.25,34.27,BuildingA_Floor1,TypeB
1059,2025-04-08T21:22:08.000Z,18.96,56.45,BuildingA_Floor2,TypeC
1059,2025-04-08T19:57:09.000Z,22.26,33.54,BuildingB_Floor2,TypeB
1086,2025-04-07T15:29:07.000Z,24.89,75.83,BuildingA_Floor1,TypeA
1023,2025-04-09T14:14:15.000Z,33.66,31.55,BuildingB_Floor1,TypeB
1022,2025-04-07T16:29:38.000Z,25.42,41.07,BuildingA_Floor1,TypeA
1002,2025-04-11T15:53:09.000Z,31.46,54.37,BuildingB_Floor2,TypeB
1087,2025-04-07T04:54:35.000Z,29.3,33.15,BuildingB_Floor2,TypeC
1070,2025-04-08T00:55:17.000Z,32.26,36.28,BuildingB_Floor1,TypeB
1048,2025-04-11T14:47:59.000Z,30.93,79.72,BuildingA_Floor1,TypeC
1011,2025-04-08T20:06:39.000Z,20.41,74.45,BuildingA_Floor2,TypeA
1038,2025-04-08T06:47:50.000Z,28.28,50.25,BuildingA_Floor1,TypeC
1053,2025-04-07T21:19:34.000Z,28.43,33.42,BuildingB_Floor1,TypeC
1080,2025-04-10T09:14:23.000Z,18.35,61.29,BuildingA_Floor2,TypeB
1082,2025-04-11T02:01:20.000Z,16.4,56.16,BuildingB_Floor1,TypeC
1052,2025-04-07T05:20:05.000Z,17.04,38.58,BuildingA_Floor1,TypeB
1022,2025-04-07T06:04:55.000Z,23.31,58.34,BuildingA_Floor1,TypeA
1030,2025-04-08T08:14:27.000Z,34.18,71.52,BuildingB_Floor2,TypeA
1002,2025-04-07T05:51:44.000Z,28.97,66.54,BuildingA_Floor2,TypeB
1072,2025-04-08T02:53:15.000Z,23.69,67.23,BuildingB_Floor1,TypeB
1042,2025-04-09T20:56:07.000Z,22.14,39.04,BuildingB_Floor2,TypeA
1078,2025-04-08T10:55:05.000Z,32.79,71.45,BuildingB_Floor2,TypeB
1069,2025-04-08T05:43:06.000Z,28.16,71.59,BuildingA_Floor1,TypeC
1100,2025-04-09T08:06:07.000Z,19.31,39.91,BuildingB_Floor1,TypeB
1049,2025-04-11T11:14:59.000Z,27.77,51.04,BuildingB_Floor1,TypeB
1075,2025-04-08T03:03:34.000Z,31.32,63.62,BuildingA_Floor1,TypeC
1032,2025-04-07T16:42:16.000Z,29.96,38.63,BuildingA_Floor2,TypeC
1022,2025-04-11T14:05:46.000Z,27.99,49.12,BuildingA_Floor2,TypeA
1011,2025-04-09T13:35:08.000Z,33.02,61.09,BuildingA_Floor2,TypeC
1008,2025-04-11T18:58:37.000Z,19.21,45.68,BuildingA_Floor1,TypeB
1015,2025-04-08T21:31:52.000Z,34.47,54.63,BuildingB_Floor2,TypeB
1081,2025-04-11T05:42:39.000Z,23.68,54.52,BuildingB_Floor1,TypeC
1051,2025-04-12T00:13:54.000Z,27.34,56.45,BuildingB_Floor2,TypeB
1099,2025-04-09T05:41:45.000Z,31.12,43.04,BuildingA_Floor2,TypeB
1050,2025-04-09T23:01:51.000Z,30.05,57.55,BuildingB_Floor1,TypeC
1028,2025-04-07T14:18:37.000Z,31.49,47.94,BuildingB_Floor2,TypeA
1018,2025-04-08T14:53:46.000Z,32.92,63.53,BuildingA_Floor2,TypeA
1054,2025-04-10T00:27:59.000Z,16.9,77.11,BuildingB_Floor2,TypeC
1033,2025-04-10T09:03:46.000Z,19.32,64.53,BuildingB_Floor1,TypeA
1024,2025-04-07T17:30:29.000Z,16.98,63.99,BuildingB_Floor2,TypeB
1033,2025-04-11T19:59:24.000Z,21.41,45.29,BuildingA_Floor2,TypeA
1006,2025-04-08T00:54:05.000Z,34.15,48.23,BuildingB_Floor2,TypeA
1090,2025-04-09T19:52:40.000Z,34.14,53.94,BuildingB_Floor1,TypeC
1053,2025-04-11T03:15:44.000Z,29.83,61.81,BuildingB_Floor1,TypeB
1007,2025-04-11T06:35:46.000Z,23.04,39.42,BuildingB_Floor2,TypeC
1086,2025-04-07T05:09:24.000Z,17.47,74.58,BuildingB_Floor2,TypeC
1085,2025-04-11T10:50:08.000Z,17.22,70.09,BuildingB_Floor2,TypeA
1067,2025-04-10T12:47:25.000Z,34.34,70.95,BuildingA_Floor1,TypeB
1030,2025-04-08T16:02:35.000Z,21.97,35.11,BuildingA_Floor1,TypeC
1031,2025-04-09T06:40:40.000Z,31.5,52.27,BuildingB_Floor1,TypeB
1038,2025-04-07T20:13:06.000Z,19.22,51.51,BuildingB_Floor2,TypeB
1056,2025-04-08T04:11:17.000Z,18.48,49.99,BuildingB_Floor2,TypeA
1081,2025-04-11T04:51:43.000Z,24.89,40.27,BuildingB_Floor1,TypeB
1078,2025-04-09T15:38:38.000Z,32.83,71.86,BuildingB_Floor2,TypeA
1079,2025-04-09T19:00:08.000Z,23.1,31.66,BuildingB_Floor1,TypeA
1009,2025-04-09T10:13:01.000Z,23.41,39.81,BuildingB_Floor2,TypeC
1002,2025-04-09T05:36:40.000Z,28.4,69.21,BuildingB_Floor2,TypeC
1045,2025-04-08T16:47:40.000Z,19.09,48.72,BuildingA_Floor2,TypeB
1006,2025-04-07T16:31:36.000Z,30.99,32.06,BuildingB_Floor2,TypeC
1033,2025-04-08T00:04:27.000Z,18.44,35.18,BuildingA_Floor1,TypeC
1022,2025-04-07T14:20:41.000Z,26.48,62.76,BuildingA_Floor1,TypeA
1009,2025-04-10T09:48:49.000Z,32.35,73.38,BuildingB_Floor2,TypeC
1045,2025-04-11T15:03:33.000Z,24.32,36.62,BuildingA_Floor2,TypeC
1081,2025-04-08T16:28:04.000Z,19.34,67.94,BuildingA_Floor2,TypeB
1100,2025-04-09T06:07:06.000Z,33.71,34.71,BuildingA_Floor1,TypeC
1009,2025-04-07T09:46:56.000Z,32.27,61.53,BuildingB_Floor2,TypeB
1092,2025-04-11T08:35:17.000Z,30.16,40.97,BuildingA_Floor1,TypeB
1088,2025-04-07T21:41:12.000Z,25.1,55.71,BuildingB_Floor2,TypeC
1052,2025-04-09T03:22:42.000Z,16.26,73.87,BuildingB_Floor1,TypeC
1019,2025-04-09T03:58:10.000Z,27.83,45.16,BuildingA_Floor1,TypeB
1090,2025-04-11T01:22:44.000Z,28.75,79.33,BuildingB_Floor2,TypeC
1011,2025-04-07T04:05:09.000Z,32.3,73.4,BuildingA_Floor1,TypeC
1062,2025-04-07T21:07:12.000Z,22.69,59.18,BuildingB_Floor1,TypeC
1026,2025-04-07T04:31:25.000Z,33.59,31.06,BuildingB_Floor2,TypeB
1037,2025-04-07T09:29:58.000Z,29.22,72.26,BuildingB_Floor2,TypeC
1080,2025-04-08T21:46:37.000Z,20.2,60.9,BuildingB_Floor2,TypeA
1004,2025-04-09T11:14:37.000Z,24.31,54.75,BuildingA_Floor1,TypeB
1044,2025-04-09T08:50:48.000Z,16.16,33.56,BuildingA_Floor2,TypeB
1080,2025-04-07T03:58:53.000Z,28.81,34.35,BuildingA_Floor2,TypeC
1046,2025-04-08T21:38:22.000Z,27.55,33.1,BuildingA_Floor1,TypeC
1027,2025-04-07T14:31:15.000Z,33.1,48.01,BuildingB_Floor2,TypeC
1067,2025-04-08T03:18:34.000Z,28.86,64.58,BuildingA_Floor1,TypeA
1018,2025-04-11T00:40:33.000Z,15.98,59.97,BuildingA_Floor1,TypeA
1072,2025-04-07T20:13:37.000Z,27.33,62.32,BuildingB_Floor1,TypeA
1071,2025-04-07T20:12:33.000Z,21.05,71.96,BuildingB_Floor1,TypeA
1072,2025-04-08T12:34:38.000Z,17.38,36.1,BuildingA_Floor2,TypeC
1093,2025-04-07T09:21:38.000Z,16.73,31.72,BuildingA_Floor1,TypeA
1088,2025-04-08T18:48:55.000Z,33.64,74.83,BuildingA_Floor1,TypeA
1040,2025-04-07T19:24:26.000Z,25.41,63.49,BuildingB_Floor1,TypeA
1063,2025-04-11T13:45:36.000Z,15.31,69.3,BuildingB_Floor1,TypeA
1031,2025-04-11T17:14:56.000Z,24.3,32.65,BuildingA_Floor1,TypeA
1012,2025-04-07T08:34:48.000Z,27.98,30.17,BuildingB_Floor1,TypeB
1054,2025-04-07T10:35:53.000Z,34.16,32.82,BuildingA_Floor1,TypeA
1092,2025-04-11T01:53:41.000Z,17.29,59.86,BuildingA_Floor1,TypeA
1099,2025-04-07T19:11:16.000Z,15.34,74.01,BuildingA_Floor1,TypeC
1007,2025-04-07T14:20:12.000Z,24.64,58.92,BuildingA_Floor2,TypeA
1029,2025-04-10T05:45:14.000Z,31.04,33.43,BuildingA_Floor2,TypeB
1061,2025-04-08T02:10:11.000Z,18.3,55.81,BuildingB_Floor2,TypeA
1079,2025-04-10T20:59:13.000Z,28.94,45.5,BuildingA_Floor1,TypeB
1086,2025-04-11T11:07:08.000Z,29.78,63.12,BuildingB_Floor1,TypeA
1098,2025-04-08T09:37:27.000Z,20.4,77.54,BuildingA_Floor1,TypeC
1057,2025-04-07T16:29:09.000Z,30.43,60.13,BuildingA_Floor2,TypeB
1054,2025-04-09T21:42:51.000Z,27.84,70.47,BuildingB_Floor1,TypeB
1089,2025-04-10T15:50:57.000Z,26.34,65.27,BuildingB_Floor2,TypeB
1027,2025-04-10T00:41:20.000Z,16.5,54.88,BuildingA_Floor1,TypeA
1004,2025-04-08T08:09:21.000Z,33.11,30.33,BuildingB_Floor2,TypeC
1039,2025-04-11T09:07:06.000Z,18.02,69.67,BuildingA_Floor2,TypeB
1072,2025-04-07T22:02:21.000Z,16.55,64.48,BuildingA_Floor2,TypeB
1027,2025-04-11T01:54:17.000Z,33.97,36.66,BuildingA_Floor2,TypeC
1009,2025-04-07T18:57:20.000Z,32.1,56.61,BuildingB_Floor1,TypeA
1028,2025-04-08T15:25:00.000Z,19.45,63.68,BuildingA_Floor2,TypeB
1001,2025-04-09T16:32:41.000Z,24.52,37.36,BuildingB_Floor2,TypeA
1017,2025-04-11T19:13:22.000Z,27.17,50.81,BuildingA_Floor1,TypeC
1091,2025-04-08T03:12:57.000Z,16.76,44.96,BuildingB_Floor1,TypeB
1077,2025-04-10T06:18:12.000Z,29.63,54.54,BuildingB_Floor1,TypeC
1032,2025-04-10T19:16:12.000Z,17.29,40.28,BuildingB_Floor2,TypeB
1093,2025-04-07T12:40:09.000Z,23.4,47.75,BuildingA_Floor1,TypeC
1074,2025-04-10T01:42:03.000Z,25.83,32.9,BuildingB_Floor1,TypeA
1011,2025-04-11T20:20:15.000Z,23.91,31.53,BuildingB_Floor1,TypeB
1020,2025-04-09T14:40:30.000Z,30.63,74.22,BuildingA_Floor1,TypeC
1029,2025-04-10T09:24:30.000Z,24.67,52.38,BuildingB_Floor1,TypeC
1013,2025-04-11T11:12:58.000Z,16.43,38.44,BuildingA_Floor1,TypeB
1041,2025-04-07T09:48:14.000Z,28.8,66.02,BuildingA_Floor2,TypeC
1026,2025-04-11T05:23:17.000Z,27.36,40.89,BuildingA_Floor1,TypeB
1091,2025-04-07T13:25:09.000Z,17.93,58.83,BuildingB_Floor1,TypeB
1051,2025-04-11T02:28:52.000Z,20.17,56.62,BuildingB_Floor1,TypeA
1000,2025-04-10T19:13:28.000Z,29.16,50.24,BuildingB_Floor1,TypeA
1054,2025-04-07T22:15:47.000Z,17.07,73.6,BuildingA_Floor2,TypeA
1078,2025-04-09T13:49:41.000Z,18.69,56.75,BuildingA_Floor1,TypeA
1061,2025-04-10T22:27:17.000Z,29.54,79.28,BuildingA_Floor1,TypeB
1018,2025-04-09T04:55:29.000Z,29.53,47.03,BuildingA_Floor2,TypeB
1044,2025-04-09T21:48:21.000Z,34.77,32.5,BuildingB_Floor2,TypeB
1008,2025-04-07T14:32:55.000Z,33.2,54.33,BuildingA_Floor1,TypeA
1059,2025-04-09T08:15:50.000Z,22.59,68.5,BuildingA_Floor2,TypeC
1090,2025-04-07T11:10:43.000Z,21.47,37.01,BuildingA_Floor1,TypeA
1077,2025-04-09T01:52:42.000Z,23.62,74.6,BuildingA_Floor2,TypeA
1054,2025-04-09T09:31:51.000Z,23.69,60.96,BuildingB_Floor2,TypeC
1077,2025-04-10T20:41:06.000Z,16.07,61.24,BuildingB_Floor2,TypeB
1054,2025-04-07T07:28:48.000Z,32.87,72.55,BuildingA_Floor1,TypeC
1018,2025-04-07T14:18:19.000Z,16.28,64.33,BuildingA_Floor2,TypeA
1017,2025-04-09T07:53:22.000Z,25.8,75.07,BuildingA_Floor2,TypeB
1022,2025-04-08T07:16:03.000Z,19.78,41.64,BuildingB_Floor2,TypeC
1019,2025-04-08T08:54:47.000Z,32.15,43.09,BuildingA_Floor1,TypeA
1073,2025-04-07T21:51:36.000Z,17.74,37.05,BuildingB_Floor1,TypeA
1076,2025-04-07T10:56:19.000Z,32.6,66.43,BuildingB_Floor1,TypeC
1014,2025-04-08T22:18:31.000Z,24.62,75.7,BuildingB_Floor1,TypeB
1081,2025-04-09T07:20:58.000Z,30.51,60.39,BuildingA_Floor2,TypeA
1008,2025-04-08T20:29:36.000Z,20.41,72.1,BuildingA_Floor2,TypeC
1076,2025-04-10T07:10:35.000Z,26.93,53.1,BuildingB_Floor1,TypeC
1048,2025-04-08T21:02:17.000Z,26.56,55.55,BuildingB_Floor1,TypeC
1052,2025-04-09T08:11:18.000Z,25.98,60.24,BuildingA_Floor1,TypeA
1050,2025-04-09T19:25:08.000Z,28.61,52.66,BuildingB_Floor1,TypeC
1090,2025-04-11T03:34:53.000Z,23.08,56.69,BuildingA_Floor1,TypeA
1043,2025-04-10T02:32:30.000Z,32.01,54.79,BuildingB_Floor1,TypeA
1027,2025-04-09T07:29:29.000Z,15.79,73.19,BuildingA_Floor1,TypeB
1069,2025-04-12T00:27:27.000Z,32.39,70.31,BuildingB_Floor1,TypeA
1065,2025-04-11T07:46:07.000Z,17.25,67.81,BuildingA_Floor2,TypeC
1070,2025-04-07T05:47:10.000Z,21.6,72.8,BuildingA_Floor1,TypeB
1071,2025-04-10T15:40:11.000Z,34.61,57.11,BuildingB_Floor2,TypeB
1027,2025-04-08T07:31:20.000Z,17.01,31.25,BuildingB_Floor1,TypeB
1020,2025-04-08T20:15:21.000Z,27.03,66.1,BuildingB_Floor2,TypeA
1066,2025-04-10T21:40:55.000Z,33.31,49.42,BuildingB_Floor1,TypeA
1010,2025-04-10T17:47:32.000Z,30.92,33.87,BuildingB_Floor1,TypeB
1057,2025-04-09T16:55:33.000Z,17.98,74.55,BuildingB_Floor1,TypeC
1033,2025-04-10T22:53:26.000Z,17.98,48.11,BuildingA_Floor1,TypeA
1082,2025-04-10T19:44:19.000Z,33.86,42.14,BuildingA_Floor2,TypeA
1016,2025-04-11T06:22:38.000Z,31.7,79.59,BuildingA_Floor1,TypeB
1068,2025-04-07T15:36:51.000Z,29.1,31.15,BuildingB_Floor1,TypeC
1074,2025-04-10T08:51:23.000Z,34.24,43.1,BuildingA_Floor1,TypeA
1069,2025-04-10T13:11:13.000Z,19.4,77.02,BuildingB_Floor1,TypeA
